Category, Gender, Weapon, Competition, Place, Date, Type, Event
Coupe du Monde par équipes,Vancouver,10.02.19,S,E,M,T,A
Coupe du Monde,Plovdiv,10.02.19,J,S,F,I,A
Coupe du Monde par équipes,Barcelone,10.02.19,S,E,F,T,A
Coupe du Monde,Plovdiv,09.02.19,J,S,M,I,A
Coupe du Monde ,Barcelone,08.02.19,S,E,F,I,A
Grand Prix,Turin,08.02.19,S,F,F,I,GP
Grand Prix,Turin,08.02.19,S,F,M,I,GP
Coupe du Monde,Vancouver,08.02.19,S,E,M,I,A
Coupe du Monde par équipes,Belgrade,03.02.19,J,E,M,T,A
Coupe du Monde par équipes,Bochum,03.02.19,J,F,F,T,A
Coupe du Monde par équipes,Leszno,03.02.19,J,F,M,T,A
Coupe du Monde par équipes,Varsovie,03.02.19,S,S,M,T,A
Grand Prix Bratislava Coupe du Monde Junior par eq,Bratislava,03.02.19,J,E,F,T,A
Coupe du Monde,Leszno,02.02.19,J,F,M,I,A
Coupe du Monde,Bochum,02.02.19,J,F,F,I,A
Grand Prix Bratislava Coupe du Monde Junior,Bratislava,02.02.19,J,E,F,I,A
Coupe du Monde,Belgrade,02.02.19,J,E,M,I,A
Coupe du Monde,Varsovie,01.02.19,S,S,M,I,A
Coupe du Monde par équipes,St-Maur,27.01.19,S,F,F,T,A
Coupe du Monde par équipes,Tokyo,27.01.19,S,F,M,T,A
2019 Absolute Fencing Gear FIE WC par equipe,Salt Lake City ,27.01.19,S,S,F,T,A
Coupe du Monde,St-Maur,25.01.19,S,F,F,I,A
Grand Prix du Qatar,Doha,25.01.19,S,E,M,I,GP
Grand Prix du Qatar,Doha,25.01.19,S,E,F,I,GP
Coupe du Monde,Tokyo,25.01.19,S,F,M,I,A
Coupe du Monde,St-Maur,25.01.19,S,F,F,I,A
Coupe du Monde par équipes,Aix-en-Provence,20.01.19,J,F,M,T,A
Coupe du Monde,Manama,20.01.19,J,E,M,I,A
Coupe du Monde par équipes,Zagreb,20.01.19,J,F,F,T,A
Coupe du Monde par équipes,Phoenix,20.01.19,J,S,M,T,A
Coupe du Monde par équipes,Segovia,20.01.19,J,S,F,T,A
Coupe du Monde,Maalot,19.01.19,J,E,F,I,A
Coupe du Monde,Segovia,19.01.19,J,S,F,I,A
Coupe du Monde,Aix-en-Provence,19.01.19,J,F,M,I,A
Coupe du Monde,Zagreb,19.01.19,J,F,F,I,A
Coupe du Monde,Phoenix,19.01.19,J,S,M,I,A
Coupe du Monde par équipes,La Havane,13.01.19,S,E,F,T,A
Coupe du Monde par équipes,Katowice,13.01.19,S,F,F,T,A
Coupe du Monde par équipes,Paris,13.01.19,S,F,M,T,A
Coupe du Monde par équipes,Heidenheim,12.01.19,S,E,M,T,A
Coupe du Monde,Paris,11.01.19,S,F,M,I,A
Coupe du Monde,La Havane,11.01.19,S,E,F,I,A
Coupe du Monde,Katowice,11.01.19,S,F,F,I,A
Coupe du Monde,Heidenheim,10.01.19,S,E,M,I,A
Coupe du Monde,Udine,05.01.19,J,E,F,I,A
Coupe du Monde,Tokyo,05.01.19,J,E,M,I,A
Coupe du Monde,Udine,05.01.19,J,F,M,I,A
Coupe du Monde,Budapest,05.01.19,J,S,M,I,A
Coupe du Monde,Udine,05.01.19,J,F,F,I,A
Coupe du Monde,Budapest,05.01.19,J,S,F,I,A
Coupe du Monde par équipes,Burgos,16.12.18,J,E,F,T,A
Coupe du Monde,La Havane,16.12.18,J,F,M,I,A
Coupe du Monde par équipes,Heraklion,16.12.18,J,E,M,T,A
Coupe du Monde,Burgos,15.12.18,J,E,F,I,A
Preis der Chemiestadt,Dormagen,15.12.18,J,S,F,I,A
Coupe du Monde,La Havane,15.12.18,J,F,F,I,A
Coupe du Monde,Heraklion,15.12.18,J,E,M,I,A
Preis der Chemiestadt,Dormagen,15.12.18,J,S,M,I,A
Coupe du Monde par équipes,Sofia,09.12.18,J,F,F,T,A
Coupe du monde par equipes,Varsovie,09.12.18,J,S,F,T,A
Coupe du Monde,Varsovie,09.12.18,J,S,M,I,A
Coupe du Monde,Sofia,08.12.18,J,F,F,I,A
Coupe du Monde,Varsovie,08.12.18,J,S,F,I,A
Coupe du Monde par équipes,Bangkok,02.12.18,J,F,M,T,A
Coupe du Monde,Luxembourg,02.12.18,J,E,F,I,A
Coupe du Monde,Bangkok,01.12.18,J,F,M,I,A
Coupe du Monde,Luxembourg,01.12.18,J,E,M,I,A
Coupe du Monde par équipes,Berne,25.11.18,S,E,M,T,A
Coupe du Monde par équipes d'Alger by Ooredoo,Alger,25.11.18,S,F,F,T,A
Coupe du Monde par équipes,San-Juan,25.11.18,J,E,F,T,A
Coupe du Monde par équipes,Teheran,25.11.18,J,S,M,T,A
Coupe du Monde,San-Juan,24.11.18,J,E,F,I,A
Coupe du Monde,Teheran,24.11.18,J,S,M,I,A
Coupe du monde fleuret d'Alger by Ooredoo ,Alger,23.11.18,S,F,F,I,A
Coupe du Monde,Berne,23.11.18,S,E,M,I,A
Coupe du Monde par équipes,Tashkent,18.11.18,J,S,F,T,A
Coupe du Monde par équipes,Riga,18.11.18,J,E,M,T,A
Coupe du Monde par équipes sabre d'Alger by Ooredo,Alger,18.11.18,S,S,M,T,A
Coupe du Monde,Guatemala City,17.11.18,J,F,M,I,A
Coupe du Monde,Riga,17.11.18,J,E,M,I,A
Coupe du Monde,Tashkent,17.11.18,J,S,F,I,A
Coupe du Monde,Guatemala City,17.11.18,J,F,F,I,A
 Coupe du monde sabre d'Alger by Ooredoo ,Alger,16.11.18,S,S,M,I,A
Coupe du Monde par équipes,Bonn,11.11.18,S,F,M,T,A
Tournoi Satellite,Tashkent,11.11.18,S,E,M,I,SA
Coupe du monde par équipes,Orléans,11.11.18,S,S,F,T,A
Coupe du Monde par équipes,Tallin,11.11.18,S,E,F,T,A
Coupe du Monde,Orléans,09.11.18,S,S,F,I,A
Coupe du Monde,Tallin,09.11.18,S,E,F,I,A
Coupe du Monde,Bonn,09.11.18,S,F,M,I,A
Coupe du Monde par équipes,Sochi,04.11.18,J,S,M,T,A
Coupe du Monde,San Salvador,04.11.18,J,E,M,I,A
Coupe du Monde,Sochi,03.11.18,J,S,F,I,A
Coupe du Monde,San Salvador,03.11.18,J,E,F,I,A
Coupe du Monde,Londres,03.11.18,J,F,M,I,A
Coupe du Monde,Sochi,03.11.18,J,S,M,I,A
Coupe du Monde,Londres,03.11.18,J,F,F,I,A
Tournoi satellite,Barcelone,27.10.18,S,F,F,I,SA
Tournoi satellite,Dublin,27.10.18,S,E,M,I,SA
Tournoi satellite,Maalot,27.10.18,S,E,F,I,SA
Tournoi Satelite,Barcelone,27.10.18,S,F,M,I,SA
Tournoi satellite,San-Jose,21.10.18,S,E,M,I,SA
Tournoi Satellite,San-Jose,20.10.18,S,E,F,I,SA
Tournoi satellite,Antalya,20.10.18,S,S,F,I,SA
Tournoi Satelite,Antalya,20.10.18,S,F,F,I,SA
Tournoi Satellite,Split,14.10.18,S,E,M,I,SA
Tournoi satellite,Londres,14.10.18,S,S,M,I,SA
Tournoi Satellite,Split,13.10.18,S,E,F,I,SA
Tournoi Satelite,Londres,13.10.18,S,F,M,I,SA
Tournoi Satellite,Reykjavik,07.10.18,S,S,M,I,SA
Tournoi Satellite,Copenhague,07.10.18,S,F,F,I,SA
Tournoi Satellite,Copenhague,06.10.18,S,F,M,I,SA
Tournoi satellite,Reykjavik,06.10.18,S,S,F,I,SA
Tournoi satellite,Turku,06.10.18,S,E,F,I,SA
Tournoi Satellite,Turku,06.10.18,S,E,M,I,SA
Tournoi satellite,Gand,30.09.18,S,S,F,I,SA
Tournoi satellite,Cancun,30.09.18,S,F,M,I,SA
Tournoi Satelite,Genève,30.09.18,S,E,M,I,SA
Tournoi Satellite,Cancun,30.09.18,S,F,F,I,SA
Tournoi satellite,Gand,30.09.18,S,S,M,I,SA
Tournoi satellite,Genève,29.09.18,S,E,F,I,SA
Tournoi satellite ,Oslo,29.09.18,S,E,M,I,SA
Tournoi satellite,Bucarest,23.09.18,S,F,F,I,SA
Tournoi satellite,Plovdiv,23.09.18,S,S,F,I,SA
Tournoi Satelite,Stockholm,23.09.18,S,E,F,I,SA
Tournoi satellite,Plovdiv,22.09.18,S,S,M,I,SA
Tournoi satellite,Bucarest,22.09.18,S,F,M,I,SA
Tournoi Satellite,Stockholm,22.09.18,S,E,M,I,SA
Tournoi satellite ,Bratislava,16.09.18,S,E,F,I,SA
Tournoi satellite,Bratislava,15.09.18,S,F,M,I,SA
Tournoi satellite,Bratislava,15.09.18,S,F,F,I,SA
Tournoi satellite,Amsterdam,09.09.18,S,S,M,I,SA
Tournoi satellite,Amsterdam,09.09.18,S,F,F,I,SA
Tournoi Satellite,Amsterdam,08.09.18,S,F,M,I,SA
Tournoi Satellite,Belgrade,01.09.18,S,E,F,I,SA
Tournoi Satellite,Belgrade,01.09.18,S,E,M,I,SA
Championnats du monde Vétérans par equipe *,Livorno,14.10.18,V,S,F,T,CHM
Championnats du monde Vétérans par équipes *,Livorno,14.10.18,V,E,M,T,CHM
Championnats du monde vétérans 50-59 *,Livorno,13.10.18,V,S,F,I,CHM
Championnats du monde Vétérans 70+ *,Livorno,13.10.18,V,S,F,I,CHM
Championnats du monde Vétérans 60-69 *,Livorno,13.10.18,V,S,F,I,CHM
Championnats du monde vétérans 50-59 *,Livorno,13.10.18,V,E,M,I,CHM
Championnats du monde Vétérans 70+ *,Livorno,12.10.18,V,E,M,I,CHM
Championnats du monde Vétérans par équipes *,Livorno,12.10.18,V,S,M,T,CHM
Championnats du monde Vétérans par équipes *,Livorno,12.10.18,V,F,F,T,CHM
Championnats du monde Vétérans 60-69 *,Livorno,12.10.18,V,E,M,I,CHM
Championnats du monde Vétérans par équipes *,Livorno,11.10.18,V,F,M,T,CHM
Championnats du monde vétérans 50-59 *,Livorno,11.10.18,V,F,F,I,CHM
Championnats du monde Vétérans 70+ *,Livorno,11.10.18,V,F,F,I,CHM
Championnats du monde Vétérans 60-69 *,Livorno,11.10.18,V,F,F,I,CHM
Championnats du monde vétérans 50-59 *,Livorno,11.10.18,V,F,F,I,CHM
Championnats du monde Vétérans par équipes *,Livorno,10.10.18,V,E,F,T,CHM
JOJ 2018 Mixed team event,Buenos Aires,10.10.18,C,E,F,T,NF
Championnats du monde vétérans 50-59 *,Livorno,10.10.18,V,F,M,I,CHM
Championnats du monde Vétérans 60-69 *,Livorno,10.10.18,V,S,M,I,CHM
JOJ 2018 Mixed team event *,Buenos Aires,10.10.18,C,E,F,T,NF
Championnats du monde Vétérans 70+ *,Livorno,10.10.18,V,S,M,I,CHM
JOJ 2018,Buenos Aires,09.10.18,C,S,F,I,NF
Championnats du monde Vétérans 60-69 *,Livorno,09.10.18,V,E,F,I,CHM
Championnats du monde Vétérans 60-69 *,Livorno,09.10.18,V,F,M,I,CHM
JOJ 2018,Buenos Aires,09.10.18,C,F,M,I,NF
Championnats du monde Vétérans 70+ *,Livorno,09.10.18,V,E,F,I,CHM
Championnats du monde vétérans 50-59 *,Livorno,09.10.18,V,E,F,I,CHM
Championnats du monde Vétérans 70+ *,Livorno,09.10.18,V,F,M,I,CHM
JOJ 2018,Buenos Aires,08.10.18,C,E,F,I,NF
JOJ 2018,Buenos Aires,08.10.18,C,E,M,I,NF
JOJ 2018,Buenos Aires,07.10.18,C,S,M,I,NF
JOJ 2018,Buenos Aires,07.10.18,C,F,F,I,NF
Championnats du Monde,Wuxi,26.07.18,S,F,M,T,CHM
Championnats du monde,Wuxi,26.07.18,S,S,F,T,CHM
Championnats du Monde,Wuxi,25.07.18,S,F,F,T,CHM
Championnats du Monde,Wuxi,25.07.18,S,E,M,T,CHM
Championnats du Monde,Wuxi,24.07.18,S,E,F,T,CHM
Championnats du Monde,Wuxi,24.07.18,S,S,M,T,CHM
Championnats du Monde,Wuxi,21.07.18,S,F,M,I,CHM
Championnats du Monde,Wuxi,21.07.18,S,S,F,I,CHM
Championnats du Monde,Wuxi,20.07.18,S,F,F,I,CHM
Championnats du Monde,Wuxi,20.07.18,S,E,M,I,CHM
Championnats du Monde,Wuxi,19.07.18,S,E,F,I,CHM
Championnats du Monde,Wuxi,19.07.18,S,S,M,I,CHM
Championnats Asiatiques par equipe,Bangkok,22.06.18,S,S,M,T,CHZ
Championnats Asiatiques par equipe,Bangkok,22.06.18,S,E,F,T,CHZ
Championnats Asiatiques par equipe,Bangkok,21.06.18,S,F,F,T,CHZ
Championnats Asiatiques par equipe,Bangkok,21.06.18,S,E,M,T,CHZ
Championnats d'Europe par equipe,Novi Sad,21.06.18,S,S,M,T,CHZ
Championnats d'Europe par equipe,Novi Sad,21.06.18,S,E,F,T,CHZ
Championnats Panaméricains par equipe,La Havane,20.06.18,S,S,M,T,CHZ
Championnats d'Europe par equipe,Novi Sad,20.06.18,S,E,M,T,CHZ
Championnats Asiatiques par equipe,Bangkok,20.06.18,S,S,F,T,CHZ
Championnats Asiatiques par equipe,Bangkok,20.06.18,S,F,M,T,CHZ
Championnats Panaméricains par equipe,La Havane,20.06.18,S,F,F,T,CHZ
Championnats d'Europe par equipe,Novi Sad,20.06.18,S,F,F,T,CHZ
Championnats Asiatiques,Bangkok,19.06.18,S,E,F,I,CHZ
Championnats d'Europe par equipe,Novi Sad,19.06.18,S,S,F,T,CHZ
Championnats Panaméricains par equipe,La Havane,19.06.18,S,E,F,T,CHZ
Championnats d'Europe par equipe,Novi Sad,19.06.18,S,F,M,T,CHZ
Championnats Panaméricains par equipe,La Havane,19.06.18,S,F,M,T,CHZ
Championnats Asiatiques,Bangkok,19.06.18,S,S,M,I,CHZ
Championnats Panaméricains par equipe,La Havane,18.06.18,S,E,M,T,CHZ
Championnats Asiatiques,Bangkok,18.06.18,S,E,M,I,CHZ
Championnats Asiatiques,Bangkok,18.06.18,S,E,M,I,CHZ
Championnats d'Europe,Novi Sad,18.06.18,S,S,M,I,CHZ
Championnats d'Europe,Novi Sad,18.06.18,S,E,F,I,CHZ
Championnats Panaméricains par equipe,La Havane,18.06.18,S,S,F,T,CHZ
Championnats Panaméricains,La Havane,17.06.18,S,F,F,I,CHZ
Championnats Asiatiques,Bangkok,17.06.18,S,F,M,I,CHZ
Championnats Panaméricains,La Havane,17.06.18,S,S,M,I,CHZ
Championnats d'Europe,Novi Sad,17.06.18,S,F,F,I,CHZ
Championnats d'Europe,Novi Sad,17.06.18,S,E,M,I,CHZ
Championnats Asiatiques,Bangkok,17.06.18,S,S,F,I,CHZ
Championnats d'Europe,Novi Sad,16.06.18,S,F,M,I,CHZ
Championnats Panaméricains,La Havane,16.06.18,S,E,F,I,CHZ
Championnats Panaméricains,La Havane,16.06.18,S,F,M,I,CHZ
Championnats d'Europe,Novi Sad,16.06.18,S,S,F,I,CHZ
Championnats Panaméricains,La Havane,15.06.18,S,S,F,I,CHZ
Championnats Panaméricains,La Havane,15.06.18,S,E,M,I,CHZ
Championnats d'Afrique par equipe,Tunis,09.06.18,S,E,M,T,CHZ
Championnats d'Afrique par equipe,Tunis,09.06.18,S,F,F,T,CHZ
Championnats d'Afrique par equipe,Tunis,09.06.18,S,S,M,T,CHZ
Championnats d'Afrique par equipe,Tunis,08.06.18,S,E,F,T,CHZ
Championnats d'Afrique par equipe,Tunis,08.06.18,S,F,M,T,CHZ
Championnats d'Afrique par equipe,Tunis,08.06.18,S,S,F,T,CHZ
Championnats d'Afrique,Tunis,07.06.18,S,S,M,I,CHZ
Championnats d'Afrique,Tunis,07.06.18,S,F,F,I,CHZ
Championnats d'Afrique,Tunis,06.06.18,S,S,F,I,CHZ
Championnats d'Afrique,Tunis,06.06.18,S,S,F,I,CHZ
Championnats d'Afrique,Tunis,05.06.18,S,E,F,I,CHZ
Championnats d'Afrique,Tunis,05.06.18,S,F,M,I,CHZ
Coupe du Monde par équipes,Tunis,03.06.18,S,S,F,T,A
Coupe du Monde,Tunis,01.06.18,S,S,F,I,A
Tournoi Satelite,Copenhague,27.05.18,S,F,F,I,SA
Tournoi satellite,Antalya,27.05.18,S,S,F,I,SA
Tournoi Satelite,Copenhague,26.05.18,S,F,M,I,SA
 Epee Grand Prix ,Cali,25.05.18,S,E,M,I,GP
Epee Grand Prix,Cali,25.05.18,S,E,F,I,GP
Coupe du Monde par équipes,Madrid,20.05.18,S,S,M,T,A
Grand Prix,Shanghai,19.05.18,S,F,M,I,GP
Tournoi Satellite,San-Jose,19.05.18,S,E,F,I,SA
Tournoi satellite,San-Jose,19.05.18,S,E,M,I,SA
Villa de Madrid,Madrid,18.05.18,S,S,M,I,A
Grand Prix,Shanghai,18.05.18,S,F,F,I,GP
Challenge SNCF Réseau,Paris,13.05.18,S,E,M,T,A
Tournoi Satellite,Bucarest,13.05.18,S,F,F,I,SA
Grand Prix,Moscow,12.05.18,S,S,F,I,GP
Tournoi Satelite,Bucarest,12.05.18,S,F,M,I,SA
Grand Prix,Moscow,11.05.18,S,S,M,I,GP
Challenge SNCF Réseau,Paris,11.05.18,S,E,M,I,A
Coupe du monde par équipes,Dubai,06.05.18,S,E,F,T,A
Coupe du Monde par équipes,St-Petersbourg,06.05.18,S,F,M,T,A
Fleuret de St-Petersbourg,St-Petersbourg,04.05.18,S,F,M,I,A
Coupe du Monde,Dubai,04.05.18,S,E,F,I,A
Coupe du Monde par équipes,Tauberbischofsheim,29.04.18,S,F,F,T,A
Tournoi satellite sabre masculin,Reykjavik,29.04.18,S,S,M,I,SA
Tournoi satellite,Reykjavik,28.04.18,S,S,F,I,SA
St Duje Cup,Split,28.04.18,S,E,M,I,SA
Tournoi Satellite,Split,28.04.18,S,E,F,I,SA
Reinhold-Würth-Cup,Tauberbischofsheim,27.04.18,S,F,F,I,A
Championnats du monde juniors-cadets,Verona,09.04.18,J,F,M,T,CHM
Championnats du monde juniors-cadets,Verona,09.04.18,J,F,F,T,CHM
Championnats du monde juniors-cadets,Verona,08.04.18,C,F,F,I,CHM
Championnats du monde juniors-cadets,Verona,08.04.18,C,F,M,I,CHM
Championnats du monde juniors-cadets,Verona,07.04.18,J,F,F,I,CHM
Championnats du monde juniors-cadets,Verona,07.04.18,J,F,M,I,CHM
Championnats du monde juniors-cadets,Verona,06.04.18,J,S,F,T,CHM
Championnats du monde juniors-cadets,Verona,06.04.18,J,S,M,T,CHM
Championnats du monde juniors-cadets,Verona,05.04.18,C,S,F,I,CHM
Championnats du monde juniors-cadets,Verona,05.04.18,C,S,M,I,CHM
Championnats du monde juniors-cadets,Verona,04.04.18,J,S,F,I,CHM
Championnats du monde juniors-cadets,Verona,04.04.18,J,S,M,I,CHM
Championnats du monde juniors-cadets,Verona,03.04.18,J,E,M,T,CHM
Championnats du monde juniors-cadets,Verona,03.04.18,J,E,F,T,CHM
Championnats du monde juniors-cadets,Verona,02.04.18,C,E,F,I,CHM
Championnats du monde juniors-cadets,Verona,02.04.18,C,E,M,I,CHM
Championnats du monde juniors-cadets,Verona,01.04.18,J,E,F,I,CHM
Championnats du monde juniors-cadets,Verona,01.04.18,J,E,M,I,CHM
Grand Prix,Seoul,30.03.18,S,S,M,I,GP
Grand Prix,Seoul,30.03.18,S,S,F,I,GP
Tournoi Satellite,Zacatecas City,24.03.18,S,F,F,I,SA
WESTEND Grand Prix,Budapest,23.03.18,S,E,F,I,GP
WESTEND Grand Prix,Budapest,23.03.18,S,E,M,I,GP
Tournoi Satellite,Zacatecas City,23.03.18,S,F,M,I,SA
Coupe du Monde par équipes,Athènes,18.03.18,S,S,F,T,A
Tournoi satellite,Turku,18.03.18,S,E,F,I,SA
Tournoi satellite,Turku,17.03.18,S,E,M,I,SA
Absolute Fencing Gear® Grand Prix,Anaheim, California,17.03.18,S,F,F,I,GP
Absolute Fencing Gear® Grand Prix,Anaheim, California,16.03.18,S,F,M,I,GP
Coupe du Monde,Athènes,16.03.18,S,S,F,I,A
Championnats d’Europe juniors,Sochi,11.03.18,J,E,M,T,CHZ
Championnats d’Europe juniors,Sochi,11.03.18,J,S,F,T,CHZ
Championnats d’Europe juniors,Sochi,11.03.18,J,F,M,T,CHZ
Championnats Panaméricains juniors,San-Jose,10.03.18,J,F,F,T,CHZ
Championnats Panaméricains juniors,San-Jose,10.03.18,J,E,M,T,CHZ
Championnats d’Europe juniors,Sochi,10.03.18,J,F,F,T,CHZ
Championnats d’Europe juniors,Sochi,10.03.18,J,E,F,T,CHZ
Championnats d’Europe juniors,Sochi,10.03.18,J,S,M,T,CHZ
Championnats Panaméricains juniors,San-Jose,10.03.18,J,S,F,T,CHZ
Championnats Panaméricains juniors,San-Jose,09.03.18,J,S,M,T,CHZ
Championnats Panaméricains juniors,San-Jose,09.03.18,J,E,F,T,CHZ
Championnats d’Europe juniors,Sochi,09.03.18,J,F,M,I,CHZ
Championnats Panaméricains juniors,San-Jose,09.03.18,J,F,M,T,CHZ
Championnats d’Europe juniors,Sochi,09.03.18,J,S,F,I,CHZ
Championnats Panaméricains juniors,San-Jose,08.03.18,J,E,M,I,CHZ
Championnats d’Europe juniors,Sochi,08.03.18,J,E,M,I,CHZ
Championnats d’Europe juniors,Sochi,08.03.18,J,F,F,I,CHZ
Championnats Panaméricains Juniors,San-Jose,08.03.18,J,F,F,I,CHZ
Championnats d’Europe juniors,Sochi,07.03.18,J,S,M,I,CHZ
Championnats Panaméricains juniors,San-Jose,07.03.18,J,F,M,I,CHZ
Championnats d’Europe juniors,Sochi,07.03.18,J,E,F,I,CHZ
Championnats Panaméricains juniors,San-Jose,07.03.18,J,S,F,I,CHZ
Championnats Panaméricains juniors,San-Jose,06.03.18,J,S,M,I,CHZ
Championnats Panaméricains juniors,San-Jose,06.03.18,J,E,F,I,CHZ
Championnats d'Afrique juniors,Lagos,05.03.18,J,E,F,T,CHZ
Championnats d'Afrique juniors,Lagos,05.03.18,J,F,F,T,CHZ
Championnats d'Afrique juniors,Lagos,05.03.18,J,S,F,T,CHZ
Championnats d'Afrique juniors,Lagos,05.03.18,J,E,M,T,CHZ
Championnats d'Afrique juniors,Lagos,05.03.18,J,F,M,T,CHZ
Championnats d'Afrique juniors,Lagos,05.03.18,J,S,M,T,CHZ
Championnats d'Afrique juniors,Lagos,04.03.18,J,F,M,I,CHZ
Championnats d'Afrique juniors,Lagos,04.03.18,J,E,F,I,CHZ
Championnats d'Afrique juniors,Lagos,04.03.18,J,S,F,I,CHZ
Championnats Asiatiques juniors,Dubai,04.03.18,J,S,F,T,CHZ
Championnats Asiatiques juniors,Dubai,04.03.18,J,E,F,T,CHZ
Championnats Asiatiques juniors,Dubai,04.03.18,J,F,M,T,CHZ
Championnats Asiatiques juniors,Dubai,03.03.18,J,F,F,T,CHZ
Championnats Asiatiques juniors,Dubai,03.03.18,J,S,M,T,CHZ
Championnats d'Afrique juniors,Lagos,03.03.18,J,F,F,I,CHZ
Championnats Asiatiques juniors,Dubai,03.03.18,J,F,F,T,CHZ
Championnats Asiatiques juniors,Dubai,03.03.18,J,S,M,T,CHZ
Championnats Asiatiques juniors,Dubai,03.03.18,J,E,M,T,CHZ
Championnats Asiatiques juniors,Dubai,02.03.18,J,F,M,I,CHZ
Championnats Asiatiques juniors,Dubai,02.03.18,J,E,F,I,CHZ
Championnats Asiatiques juniors,Dubai,01.03.18,J,E,M,I,CHZ
Championnats Asiatiques juniors,Dubai,01.03.18,J,S,F,I,CHZ
Championnats Asiatiques juniors,Dubai,28.02.18,J,F,F,I,CHZ
Championnats Asiatiques juniors,Dubai,28.02.18,J,S,M,I,CHZ
Coupe du Monde par équipes,Varsovie,25.02.18,S,S,M,T,A
Tournoi Satellite,Ashkelon,24.02.18,S,E,M,I,SA
Tournoi satellite,Barcelone,24.02.18,S,F,M,I,SA
Tournoi satellite,Barcelone,24.02.18,S,F,F,I,SA
Sabre de Wolodyjowski,Varsovie,23.02.18,S,S,M,I,A
Coupe du Monde par équipes,Dijon,18.02.18,J,E,F,T,A
Coupe du Monde par équipes,Bâle,18.02.18,J,E,M,T,A
Coupe du Monde par équipes,Terrassa (Barcelona),18.02.18,J,F,M,T,A
Coupe du Monde par équipes,Vancouver,18.02.18,S,E,M,T,A
Coupe du Monde par équipes,Moedling,18.02.18,J,F,F,T,A
Coupe du Monde,Bâle,17.02.18,J,E,M,I,A
Coupe du Monde,Mödling,17.02.18,J,F,F,I,A
Coupe du Monde,Terrassa (Barcelona),17.02.18,J,F,M,I,A
Tournoi de la ville de Dijon,Dijon,17.02.18,J,E,F,I,A
Coupe du Monde,Vancouver,16.02.18,S,E,M,I,A
Coupe du Monde par équipes,Dourdan,11.02.18,J,S,M,T,A
Coupe du Monde par équipes,Barcelone,11.02.18,S,E,F,T,A
Löwe von Bonn,Bonn,11.02.18,S,F,M,T,A
Coupe du Monde,Alger,10.02.18,J,S,F,I,A
Tournoi Satellite,La Paz, Baja California Sur,10.02.18,S,E,M,I,SA
Coupe du Monde par équipes,Alger,10.02.18,J,S,F,T,A
Coupe du Monde,Dourdan,10.02.18,J,S,M,I,A
Coupe du Monde,Barcelone,09.02.18,S,E,F,I,A
Löwe von Bonn,Bonn,09.02.18,S,F,M,I,A
Coupe du Monde par équipes,Padoue,04.02.18,S,S,M,T,A
Grand Prix Bratislava Coupe du Monde Junior par eq,Bratislava,04.02.18,J,E,F,T,A
Grand Prix Bratislava Coupe du Monde Tournoi Satel,Bratislava,04.02.18,S,E,F,I,SA
Coupe du Monde par équipes,Alger,04.02.18,S,F,F,T,A
Coupe du Monde,Šabac,03.02.18,J,E,M,I,A
Coupe du Monde par équipes,Šabac,03.02.18,J,E,M,T,A
Grand Prix Bratislava Coupe du Monde Junior,Bratislava,03.02.18,J,E,F,I,A
Trophée Luxardo,Padoue,02.02.18,S,S,M,I,A
Coupe du Monde de fleuret d'Alger by Ooredoo,Alger,02.02.18,S,F,F,I,A
Tournoi Satellite,Tbilisi,28.01.18,S,S,M,I,SA
Coupe du Monde par équipes,Aix-en-Provence,28.01.18,J,F,M,T,A
Coupe du Monde par équipes,Baltimore,28.01.18,S,S,F,T,A
Coupe du Monde par équipes,Zagreb,28.01.18,J,F,F,T,A
Heidenheimer Pokal,Heidenheim,27.01.18,S,E,M,T,A
Coupe du Monde,Aix-en-Provence,27.01.18,J,F,M,I,A
Coupe du Monde,Zagreb,27.01.18,J,F,F,I,A
Coupe du Monde,Baltimore,26.01.18,S,S,F,I,A
Heidenheimer Pokal,Heidenheim,25.01.18,S,E,M,I,A
Coupe du Monde par équipes,La Havane,21.01.18,S,E,F,T,A
Challenge International de Paris,Paris,21.01.18,S,F,M,T,A
2018 Buchmann GMBH Phoenix  Junior WC par équipes,Phoenix,21.01.18,J,S,M,T,A
Coupe du Monde par équipes,Segovia,21.01.18,J,S,F,T,A
Coupe du Monde,Segovia,20.01.18,J,S,F,I,A
2018 Buchmann GMBH Phoenix Junior Men's Sabre WC,Phoenix,20.01.18,J,S,M,I,A
Coupe du Monde ,La Havane,19.01.18,S,E,F,I,A
Challenge International de Paris,Paris,19.01.18,S,F,M,I,A
Coupe du Monde par équipes,Katowice,14.01.18,S,F,F,T,A
Rehbinder Prize,Stockholm,14.01.18,S,E,F,I,SA
SAF-Pokalen,Stockholm,13.01.18,S,E,M,I,SA
The Artus Court PKO BP,Katowice,12.01.18,S,F,F,I,A
Coupe du Monde,Udine,07.01.18,J,E,F,I,A
Coupe du Monde,Udine,07.01.18,J,F,M,I,A
Coupe du Monde,Budapest,06.01.18,J,S,M,I,A
Alpe Adria,Udine,06.01.18,J,E,M,I,A
Coupe du Monde,Budapest,06.01.18,J,S,F,I,A
Coupe du Monde,Udine,06.01.18,J,F,F,I,A
Coupe du Monde,La Havane,17.12.17,J,F,M,I,A
Coupe du Monde par équipes,Burgos,17.12.17,J,E,F,T,A
Coupe du Monde par équipes,Heraklion,17.12.17,J,E,M,T,A
Ciudad de Burgos,Burgos,16.12.17,J,E,F,I,A
Coupe du Monde,Heraklion,16.12.17,J,E,M,I,A
Ciudad de Burgos,Burgos,16.12.17,J,E,F,I,A
Sabre Grand Prix,Cancun,15.12.17,S,S,F,I,GP
Sabre Grand Prix,Cancun,15.12.17,S,S,M,I,GP
Preis der Chemiestadt,Dormagen,09.12.17,J,S,M,I,A
Tournoi satellite,Antalya,09.12.17,S,F,F,I,SA
Preis der Chemiestadt,Dormagen,09.12.17,J,S,F,I,A
Grand Prix du Qatar,Doha,08.12.17,S,E,M,I,GP
Grand Prix du Qatar,Doha,08.12.17,S,E,F,I,GP
Coupe du Monde,Luxembourg,03.12.17,J,E,F,I,A
Coupe du Monde par équipes,Györ,03.12.17,S,S,M,T,A
Coupe du Monde,Luxembourg,02.12.17,J,E,M,I,A
Grand Prix,Turin,01.12.17,S,F,F,I,GP
Coupe du Monde,Györ,01.12.17,S,S,M,I,A
Grand Prix,Turin,01.12.17,S,F,M,I,GP
Coupe du Monde par équipes,Legnano,19.11.17,S,E,M,T,A
Coupe du Monde par équipes,Sint-Niklaas ,19.11.17,S,S,F,T,A
Memorial de Martinengo Tournoi,Bratislava,18.11.17,S,F,M,I,SA
Memorial de Martinengo Tournoi,Bratislava,18.11.17,S,F,F,I,SA
Coupe du Monde,Guatemala City,18.11.17,J,F,F,I,A
Coupe du Monde,Guatemala City,18.11.17,J,F,M,I,A
Coupe du Monde,Legnano,17.11.17,S,E,M,I,A
Coupe du Monde,Sint-Niklaas ,17.11.17,S,S,F,I,A
Coupe du Monde par équipes,Suzhou,12.11.17,S,E,F,T,A
Coupe du Monde par équipes,Tokyo,12.11.17,S,F,M,T,A
Tournoi satellite ,Dublin,11.11.17,S,E,M,I,SA
Tournoi satellite ,Dublin,11.11.17,S,E,M,I,SA
Coupe du Monde,Sochi,11.11.17,J,S,M,I,A
Coupe du Monde par équipes,Sochi,11.11.17,J,S,M,T,A
Coupe du Monde,Suzhou,10.11.17,S,E,F,I,A
Prince Takamodo WC,Tokyo,10.11.17,S,F,M,I,A
Coupe du Monde par équipes,Alger,05.11.17,S,S,M,T,A
Coupe du Monde par équipes,St-Maur,05.11.17,S,F,F,T,A
Coupe du Monde,San Salvador,05.11.17,J,E,M,I,A
Tournoi Satellite,Oslo,04.11.17,S,E,M,I,SA
Coupe du Monde,San Salvador,04.11.17,J,E,F,I,A
Coupe du Monde,St-Maur,03.11.17,S,F,F,I,A
Coupe du Monde ,Alger,03.11.17,S,S,M,I,A
Coupe du Monde par équipes,Bochum,29.10.17,J,F,F,T,A
Coupe du Monde par équipes,Berne,29.10.17,S,E,M,T,A
Coupe du monde par équipes,Orléans,29.10.17,S,S,F,T,A
Camden London Tournoi satellite sabre masculin,Londres,29.10.17,S,S,M,I,SA
Coupe du Monde par équipes,Leszno,29.10.17,J,F,M,T,A
Tournoi international,Bochum,28.10.17,J,F,F,I,A
Coupe du Monde,Leszno,28.10.17,J,F,M,I,A
Coupe du Monde,Berne,27.10.17,S,E,M,I,A
Trophée BNP Paribas,Orléans,27.10.17,S,S,F,I,A
Coupe du Monde,Sosnowiec,22.10.17,J,S,M,I,A
Coupe du Monde par équipes,Tallin,22.10.17,S,E,F,T,A
Coupe du monde par equipes,Sosnowiec,22.10.17,J,S,F,T,A
Coupe du Monde par équipes,Le Caire,22.10.17,S,F,M,T,A
Coupe du Monde,Sosnowiec,21.10.17,J,S,F,I,A
Coupe du Monde,Tallin,20.10.17,S,E,F,I,A
Coupe du Monde,Le Caire,20.10.17,S,F,M,I,A
Tournoi satellite,Gand,15.10.17,S,S,F,I,SA
Coupe du Monde par équipes,Riga,15.10.17,J,E,M,T,A
Coupe du Monde par équipes,Cancun,15.10.17,S,F,F,T,A
Tournoi satellite,Gand,15.10.17,S,S,M,I,SA
Coupe du Monde par équipes,Laupheim,15.10.17,J,E,F,T,A
Uhlmann-Cup,Laupheim,14.10.17,J,E,F,I,A
Coupe du Monde,Riga,14.10.17,J,E,M,I,A
Coupe du Monde,Cancun,13.10.17,S,F,F,I,A
Coupe du Monde par équipes,Timisoara,08.10.17,J,F,F,T,A
Coupe du Monde,Plovdiv,08.10.17,J,S,F,I,A
Tournoi Satellite,Genève,08.10.17,S,E,F,I,SA
Coupe du Monde par équipes,Bangkok,08.10.17,J,F,M,T,A
Coupe du Monde,Bangkok,07.10.17,J,F,M,I,A
Tournoi Satellite,Genève,07.10.17,S,E,M,I,SA
Coupe du Monde,Plovdiv,07.10.17,J,S,M,I,A
Coupe du Monde,Timisoara,07.10.17,J,F,F,I,A
Coupe du Monde,Manama,30.09.17,J,E,M,I,A
Coupe du Monde,Manama,30.09.17,J,E,F,I,A
Tournoi satellite sabre masculin,Amsterdam,24.09.17,S,S,M,I,SA
Tournoi Satellite,Belgrade,23.09.17,S,E,M,I,SA
Tournoi Satellite,Belgrade,23.09.17,S,E,F,I,SA
Tournoi satellite,Amsterdam,23.09.17,S,F,M,I,SA
Tournoi Satellite,Londres,17.09.17,S,F,M,I,SA
Coupe du Monde par équipes,Teheran,17.09.17,J,S,M,T,A
Coupe du Monde,San-Jose,16.09.17,J,S,F,I,A
Coupe du Monde,Londres,16.09.17,J,F,M,I,A
Coupe du Monde,Teheran,16.09.17,J,S,M,I,A
Coupe du Monde,Londres,16.09.17,J,F,F,I,A
Championnats du monde Vétérans 60-69,Maribor,20.10.17,V,S,F,I,CHM
Championnats du monde vétérans 50-59,Maribor,20.10.17,V,E,M,I,CHM
Championnats du monde Vétérans 70+,Maribor,20.10.17,V,S,F,I,CHM
Championnats du monde vétérans 50-59,Maribor,20.10.17,V,S,F,I,CHM
Championnats du monde Vétérans 60-69,Maribor,19.10.17,V,E,M,I,CHM
Championnats du monde Vétérans 70+,Maribor,19.10.17,V,E,M,I,CHM
Championnats du monde Vétérans 60-69,Maribor,18.10.17,V,F,F,I,CHM
Championnats du monde vétérans 50-59,Maribor,18.10.17,V,S,M,I,CHM
Championnats du monde Vétérans 70+,Maribor,18.10.17,V,F,F,I,CHM
Championnats du monde vétérans 50-59,Maribor,18.10.17,V,F,F,I,CHM
Championnats du monde vétérans 50-59,Maribor,17.10.17,V,F,M,I,CHM
Championnats du monde Vétérans 60-69,Maribor,17.10.17,V,S,M,I,CHM
Championnats du monde Vétérans 70+,Maribor,17.10.17,V,S,M,I,CHM
Championnats du monde Vétérans 60-69,Maribor,16.10.17,V,E,F,I,CHM
Championnats du monde Vétérans 60-69,Maribor,16.10.17,V,F,M,I,CHM
Championnats du monde Vétérans 70+,Maribor,16.10.17,V,E,F,I,CHM
Championnats du monde vétérans 50-59,Maribor,16.10.17,V,E,F,I,CHM
Championnats du monde Vétérans 70+,Maribor,16.10.17,V,F,M,I,CHM
2017 Summer Universiades,Taipei,20.08.17,S,S,M,T,NF
2017 Summer Universiade,Taipei,20.08.17,S,E,F,I,NF
2017 Summer Universiades,Taipei,20.08.17,S,S,M,T,NF
2017 Summer Universiades,Taipei,20.08.17,S,E,F,T,NF
2017 Summer Universiade,Taipei,20.08.17,S,S,M,I,NF
2017 Summer Universiades,Taipei,20.08.17,S,S,F,I,NF
2017 Summer Universiades,Taipei,20.08.17,S,F,M,I,NF
2017 Summer Universiades,Taipei,20.08.17,S,F,F,I,NF
Championnats du Monde,Leipzig,26.07.17,S,E,F,T,CHM
Championnats du Monde,Leipzig,26.07.17,S,F,M,T,CHM
Championnats du monde,Leipzig,25.07.17,S,S,F,T,CHM
Championnats du Monde,Leipzig,25.07.17,S,E,M,T,CHM
Championnats du Monde,Leipzig,24.07.17,S,S,M,T,CHM
Championnats du Monde,Leipzig,24.07.17,S,F,F,T,CHM
Championnats du Monde,Leipzig,20.07.17,S,E,F,I,CHM
Championnats du Monde,Leipzig,20.07.17,S,F,M,I,CHM
Championnats du Monde,Leipzig,20.07.17,S,S,F,I,CHM
Championnats du Monde,Leipzig,19.07.17,S,E,M,I,CHM
Championnats du Monde,Leipzig,19.07.17,S,S,M,I,CHM
Championnats du Monde,Leipzig,19.07.17,S,F,F,I,CHM
Championnats asiatiques,Hong Kong,20.06.17,S,S,M,T,CHZ
Championnats asiatiques,Hong Kong,20.06.17,S,E,F,T,CHZ
Championnats asiatiques,Hong Kong,19.06.17,S,F,F,T,CHZ
Championnats asiatiques,Hong Kong,19.06.17,S,E,M,T,CHZ
Championnats asiatiques,Hong Kong,18.06.17,S,S,F,T,CHZ
Championnats asiatiques,Hong Kong,18.06.17,S,F,M,T,CHZ
Championnats asiatiques,Hong Kong,18.06.17,S,F,M,T,CHZ
Championnats Panaméricains,Montreal,18.06.17,S,F,F,T,CHZ
Championnats Panaméricains,Montreal,17.06.17,S,S,F,T,CHZ
Championnats d'Europe,Tbilisi,17.06.17,S,S,M,T,CHZ
Championnats asiatiques,Hong Kong,17.06.17,S,E,F,I,CHZ
Championnats d'Europe,Tbilisi,17.06.17,S,E,F,T,CHZ
Championnats Panaméricains,Montreal,17.06.17,S,E,M,T,CHZ
Championnats asiatiques,Hong Kong,17.06.17,S,S,M,I,CHZ
Championnats d'Europe,Tbilisi,16.06.17,S,F,F,T,CHZ
Championnats d'Europe,Tbilisi,16.06.17,S,E,M,T,CHZ
Championnats Panaméricains,Montreal,16.06.17,S,E,F,T,CHZ
Championnats asiatiques,Hong Kong,16.06.17,S,E,M,I,CHZ
Championnats asiatiques,Hong Kong,16.06.17,S,F,F,I,CHZ
Championnats Panaméricains,Montreal,16.06.17,S,F,M,T,CHZ
Championnats Panaméricains,Montreal,15.06.17,S,F,F,I,CHZ
Championnats asiatiques,Hong Kong,15.06.17,S,F,M,I,CHZ
Championnats Panaméricains,Montreal,15.06.17,S,S,M,I,CHZ
Championnats d'Europe,Tbilisi,15.06.17,S,S,M,I,CHZ
Championnats d'Europe,Tbilisi,15.06.17,S,E,F,I,CHZ
Championnats asiatiques,Hong Kong,15.06.17,S,S,F,I,CHZ
Championnats Panaméricains,Montreal,14.06.17,S,S,F,I,CHZ
Championnats d'Europe,Tbilisi,14.06.17,S,S,F,T,CHZ
Championnats d'Europe,Tbilisi,14.06.17,S,F,M,T,CHZ
Championnats Panaméricains,Montreal,14.06.17,S,E,M,I,CHZ
Championnats d'Europe,Tbilisi,13.06.17,S,F,F,I,CHZ
Championnats d'Europe,Tbilisi,13.06.17,S,E,M,I,CHZ
Championnats Panaméricains,Montreal,13.06.17,S,E,F,I,CHZ
Championnats Panaméricains,Montreal,13.06.17,S,F,M,I,CHZ
Championnats d'Europe,Tbilisi,12.06.17,S,S,F,I,CHZ
Championnats d'Afrique,Le Caire,12.06.17,S,E,F,T,CHZ
Championnats d'Afrique,Le Caire,12.06.17,S,F,M,T,CHZ
Championnats d'Afrique,Le Caire,12.06.17,S,S,F,T,CHZ
Championnats d'Europe,Tbilisi,12.06.17,S,F,M,I,CHZ
Championnats d'Afrique,Le Caire,11.06.17,S,E,M,T,CHZ
Championnats d'Afrique,Le Caire,11.06.17,S,F,F,T,CHZ
Championnats d'Afrique,Le Caire,11.06.17,S,S,M,T,CHZ
Championnats d'Afrique,Le Caire,10.06.17,S,S,M,I,CHZ
Championnats d'Afrique,Le Caire,10.06.17,S,F,F,I,CHZ
Championnats d'Afrique,Le Caire,09.06.17,S,S,F,I,CHZ
Championnats d'Afrique,Le Caire,09.06.17,S,E,M,I,CHZ
Championnats d'Afrique,Le Caire,08.06.17,S,F,M,I,CHZ
Championnats d'Afrique,Le Caire,08.06.17,S,E,F,I,CHZ
Grand Prix,Moscow,02.06.17,S,S,M,I,GP
Grand Prix,Moscow,02.06.17,S,S,F,I,GP
Trekanten International,Copenhague,28.05.17,S,F,F,I,SA
Tournoi satellite sabre masculin,Reykjavik,28.05.17,S,S,M,I,SA
Tournoi satellite,Reykjavik,27.05.17,S,S,F,I,SA
Trekanten International,Copenhague,27.05.17,S,F,M,I,SA
 Epee Grand Prix ,Bogota,26.05.17,S,E,M,I,GP
Epee Grand Prix,Bogota,26.05.17,S,E,F,I,GP
Coupe du Monde par équipes,Madrid,21.05.17,S,S,M,T,A
St Duje Cup,Split,20.05.17,S,E,M,I,SA
St. Duje Cup,Split,20.05.17,S,E,F,I,SA
Villa de Madrid,Madrid,19.05.17,S,S,M,I,A
Grand Prix,Shanghai,19.05.17,S,F,M,I,GP
Grand Prix,Shanghai,19.05.17,S,F,F,I,GP
Challenge SNCF Réseau,Paris,14.05.17,S,E,M,T,A
Tournoi satellite,San-Jose,14.05.17,S,E,M,I,SA
Coupe du Monde par équipes,Tunis,14.05.17,S,S,F,T,A
Tournoi Satellite,Sofia,13.05.17,S,E,F,I,SA
Challenge SNCF Réseau,Paris,12.05.17,S,E,M,I,A
Coupe du Monde,Tunis,12.05.17,S,S,F,I,A
Coupe du monde par équipes,Rio de Janeiro,07.05.17,S,E,F,T,A
Coupe du Monde par équipe,St-Petersbourg,07.05.17,S,F,M,T,A
Fleuret de St-Petersbourg,St-Petersbourg,05.05.17,S,F,M,I,A
Coupe du Monde,Rio de Janeiro,05.05.17,S,E,F,I,A
Coupe du Monde par équipes,Tauberbischofsheim,30.04.17,S,F,F,T,A
Cole Cup,Sheffield,29.04.17,S,E,F,I,SA
Reinhold-Würth-Cup,Tauberbischofsheim,28.04.17,S,F,F,I,A
Championnats du monde juniors-cadets,Plovdiv,09.04.17,J,E,M,T,CHM
Championnats du monde juniors-cadets,Plovdiv,09.04.17,J,F,F,T,CHM
Championnats du monde juniors-cadets,Plovdiv,08.04.17,J,S,F,T,CHM
Championnats du monde juniors-cadets,Plovdiv,08.04.17,J,F,M,T,CHM
Championnats du monde juniors-cadets,Plovdiv,07.04.17,J,F,F,I,CHM
Championnats du monde juniors-cadets,Plovdiv,07.04.17,J,E,M,I,CHM
Championnats du monde juniors-cadets,Plovdiv,07.04.17,J,F,F,I,CHM
Championnats du monde juniors-cadets,Plovdiv,07.04.17,J,E,M,I,CHM
Championnats du monde juniors-cadets,Plovdiv,06.04.17,J,F,M,I,CHM
Championnats du monde juniors-cadets,Plovdiv,06.04.17,J,S,F,I,CHM
Championnats du monde juniors-cadets,Plovdiv,05.04.17,J,S,M,I,CHM
Championnats du monde juniors-cadets,Plovdiv,05.04.17,J,E,F,I,CHM
Championnats du monde juniors-cadets,Plovdiv,04.04.17,C,F,F,T,CHM
Championnats du monde juniors-cadets,Plovdiv,04.04.17,C,E,M,T,CHM
Championnats du monde juniors-cadets,Plovdiv,04.04.17,C,E,F,T,CHM
Championnats du monde juniors-cadets,Plovdiv,04.04.17,C,S,M,T,CHM
Championnats du monde juniors-cadets,Plovdiv,04.04.17,C,S,F,T,CHM
Championnats du monde juniors-cadets,Plovdiv,04.04.17,C,F,M,T,CHM
Championnats du monde juniors-cadets,Plovdiv,03.04.17,C,E,M,I,CHM
Championnats du monde juniors-cadets,Plovdiv,03.04.17,C,F,F,I,CHM
Championnats du monde juniors-cadets,Plovdiv,02.04.17,C,S,F,I,CHM
Championnats du monde juniors-cadets,Plovdiv,02.04.17,C,F,M,I,CHM
Championnats du monde juniors-cadets,Plovdiv,01.04.17,C,E,F,I,CHM
Championnats du monde juniors-cadets,Plovdiv,01.04.17,C,S,M,I,CHM
Grand Prix,Seoul,31.03.17,S,S,F,I,GP
Grand Prix,Seoul,31.03.17,S,S,M,I,GP
Coupe du Monde par équipes,Yangzhou,26.03.17,S,S,F,T,A
WESTEND Grand Prix,Budapest,24.03.17,S,E,M,I,GP
WESTEND Grand Prix,Budapest,24.03.17,S,E,F,I,GP
Coupe du Monde,Yangzhou,24.03.17,S,S,F,I,A
Tournoi Satellite,Turku,19.03.17,S,S,M,I,SA
Tournoi satellite,Turku,19.03.17,S,S,F,I,SA
Tournoi satellite,Turku,19.03.17,S,E,F,I,SA
Tournoi Satellite,Turku,18.03.17,S,E,M,I,SA
Absolute Fencing Gear Long Beach Foil Grand Prix,Long Beach, California,17.03.17,S,F,F,I,GP
Absolute Fencing Gear Long Beach Foil Grand Prix,Long Beach, California,17.03.17,S,F,M,I,GP
Championnats d'Afrique,Yamoussoukro,11.03.17,J,E,M,T,CHZ
Championnats d'Afrique,Yamoussoukro,11.03.17,J,F,M,T,CHZ
Championnats d'Afrique,Yamoussoukro,11.03.17,J,S,M,T,CHZ
Championnats d'Afrique,Yamoussoukro,11.03.17,J,E,F,T,CHZ
Championnats d'Afrique,Yamoussoukro,11.03.17,J,F,F,T,CHZ
Championnats d'Afrique,Yamoussoukro,11.03.17,J,S,F,T,CHZ
Championnats d'Afrique,Yamoussoukro,10.03.17,J,F,M,I,CHZ
Championnats d'Afrique,Yamoussoukro,10.03.17,J,E,F,I,CHZ
Championnats d'Afrique,Yamoussoukro,10.03.17,J,S,M,I,CHZ
Championnats d'Afrique,Yamoussoukro,09.03.17,J,F,F,I,CHZ
Championnats d'Afrique,Yamoussoukro,09.03.17,J,S,F,I,CHZ
Championnats d’Europe juniors-Team,Plovdiv,09.03.17,J,F,F,T,CHZ
Championnats d’Europe juniors-Team,Plovdiv,09.03.17,J,E,F,T,CHZ
Championnats d'Afrique,Yamoussoukro,09.03.17,J,E,M,I,CHZ
Championnats d’Europe juniors-Team,Plovdiv,09.03.17,J,S,M,T,CHZ
Championnats d’Europe juniors-Team,Plovdiv,08.03.17,J,E,M,T,CHZ
Championnats d'Afrique,Yamoussoukro,08.03.17,C,E,F,I,NF
Championnats d’Europe juniors-Team,Plovdiv,08.03.17,J,S,F,T,CHZ
Championnats d'Afrique,Yamoussoukro,08.03.17,C,F,M,I,NF
Championnats d’Europe juniors-Team,Plovdiv,08.03.17,J,F,M,T,CHZ
Championnats d’Europe juniors,Plovdiv,07.03.17,J,E,F,I,CHZ
Championnats d'Afrique,Yamoussoukro,07.03.17,C,F,F,I,NF
Championnats d'Afrique,Yamoussoukro,07.03.17,C,E,M,I,NF
Championnats d’Europe juniors,Plovdiv,07.03.17,J,S,M,I,CHZ
Championnats d'Afrique,Yamoussoukro,07.03.17,C,S,F,I,NF
Championnats d’Europe juniors,Plovdiv,06.03.17,J,E,M,I,CHZ
Championnats d’Europe juniors,Plovdiv,06.03.17,J,F,F,I,CHZ
Championnats asiatiques juniors-Team,Korat,05.03.17,J,E,M,T,CHZ
Championnats d’Europe juniors,Plovdiv,05.03.17,J,F,M,I,CHZ
Championnats asiatiques juniors-Team,Korat,05.03.17,J,S,F,T,CHZ
Championnats d’Europe juniors,Plovdiv,05.03.17,J,S,F,I,CHZ
Championnats asiatiques juniors-Team,Korat,05.03.17,J,F,F,T,CHZ
Championnats asiatiques juniors-Team,Korat,04.03.17,J,S,M,T,CHZ
Championnats asiatiques juniors-Team,Korat,04.03.17,J,E,F,T,CHZ
Championnats asiatiques juniors-Team,Korat,04.03.17,J,F,M,T,CHZ
Championnats asiatiques juniors,Korat,03.03.17,J,F,F,I,CHZ
Championnats asiatiques juniors,Korat,03.03.17,J,E,M,I,CHZ
Championnats Panaméricains Cadets,La Havane,02.03.17,C,S,M,I,NF
Championnats asiatiques juniors,Korat,02.03.17,J,S,F,I,CHZ
Championnats Panaméricains Cadets,La Havane,02.03.17,C,E,M,I,NF
Championnats Panaméricains Juniors,La Havane,02.03.17,J,S,M,T,CHZ
Championnats Panaméricains Juniors,La Havane,02.03.17,J,E,F,T,CHZ
Championnats Panaméricains Juniors,La Havane,02.03.17,J,F,F,I,CHZ
Championnats Panaméricains Juniors,La Havane,02.03.17,J,S,F,I,CHZ
Championnats Panaméricains Juniors,La Havane,02.03.17,J,E,F,I,CHZ
Championnats asiatiques juniors,Korat,02.03.17,J,S,F,I,CHZ
Championnats Panaméricains Cadets,La Havane,02.03.17,C,E,M,I,NF
Championnats Panaméricains Cadets,La Havane,02.03.17,C,S,M,I,NF
Championnats Panaméricains Juniors,La Havane,02.03.17,J,S,M,T,CHZ
Championnats Panaméricains Juniors,La Havane,02.03.17,J,E,F,T,CHZ
Championnats Panaméricains Juniors,La Havane,02.03.17,J,S,F,I,CHZ
Championnats Panaméricains Juniors,La Havane,02.03.17,J,E,F,I,CHZ
Championnats Panaméricains Juniors,La Havane,02.03.17,J,F,F,I,CHZ
Championnats asiatiques juniors,Korat,02.03.17,J,F,M,I,CHZ
Championnats Panaméricains Cadets,La Havane,02.03.17,C,E,F,I,NF
Championnats Panaméricains Cadets,La Havane,02.03.17,C,S,F,I,NF
Championnats Panaméricains Juniors,La Havane,02.03.17,J,F,M,T,CHZ
Championnats asiatiques juniors,Korat,01.03.17,J,S,M,I,CHZ
Championnats asiatiques juniors,Korat,01.03.17,J,E,F,I,CHZ
Coupe du Monde par équipes,Varsovie,26.02.17,S,S,M,T,A
Sabre de Wolodyjowski,Varsovie,24.02.17,S,S,M,I,A
Mixed Team Event,Udine,19.02.17,J,E,F,T,NF
Coupe du Monde par équipes,Vancouver,19.02.17,S,E,M,T,A
Mixed Team Event,Udine,19.02.17,J,F,M,T,NF
Mixed Team Event,Udine,19.02.17,J,F,F,T,NF
Mixed Team Event,Udine,19.02.17,J,E,M,T,NF
Coupe du Monde équipes,Athènes,19.02.17,S,S,F,T,A
Alpe Adria,Udine,18.02.17,J,E,M,I,A
Coupe du Monde,Udine,18.02.17,J,F,F,I,A
Alpe Adria,Udine,17.02.17,J,F,M,I,A
Alpe Adria,Udine,17.02.17,J,F,M,I,A
Coupe du Monde,Vancouver,17.02.17,S,E,M,I,A
Coupe du Monde,Udine,17.02.17,J,E,F,I,A
Coupe du Monde par équipes Löwe von Bonn,Bonn,12.02.17,S,F,M,T,A
Coupe du Monde par équipes,Dourdan,12.02.17,J,S,M,T,A
Coupe du Monde par équipes,Legnano,12.02.17,S,E,F,T,A
Coupe di Monde par équipes,Segovia,12.02.17,J,S,F,T,A
Coupe du Monde,Segovia,11.02.17,J,S,F,I,A
Coupe du Monde,Dourdan,11.02.17,J,S,M,I,A
Coupe du Monde,Legnano,10.02.17,S,E,F,I,A
Löwe von Bonn,Bonn,10.02.17,S,F,M,I,A
Coupe du monde par équipes,Espoo (Helsinki),05.02.17,J,E,M,T,A
Coupe du Monde par équipes,Espoo (Helsinki),05.02.17,J,E,F,T,A
Coupe du Monde par équipes,Padoue,05.02.17,S,S,M,T,A
Coupe du Monde par équipes,Gdansk,05.02.17,S,F,F,T,A
Tournoi Satellite,Terrassa (Barcelona),04.02.17,S,F,M,I,SA
Coupe du Monde,Espoo (Helsinki),04.02.17,J,E,M,I,A
Tournoi satellite,Cancun,04.02.17,S,S,F,I,SA
Coupe du Monde,Espoo (Helsinki),04.02.17,J,E,F,I,A
Trophée Luxardo,Padoue,03.02.17,S,S,M,I,A
The Artus Court PKO BP,Gdansk,03.02.17,S,F,F,I,A
Coupe du Monde par équipes,Aix-en-Provence,29.01.17,J,F,M,T,A
Coupe du Monde par équipes,New York,29.01.17,S,S,F,T,A
Coupe du Monde par équipes,Mödling,29.01.17,J,F,F,T,A
Heidenheimer Pokal,Heidenheim,28.01.17,S,E,M,T,A
Heidenheimer Pokal,Heidenheim,28.01.17,S,E,M,T,A
Coupe du Monde,Aix-en-Provence,28.01.17,J,F,M,I,A
Сhampionnats de la Méditerranée,Marseille,27.01.17,J,F,M,I,NF
Coupe du Monde,New York,27.01.17,S,S,F,I,A
Сhampionnats de la Méditerranée,Marseille,27.01.17,J,S,M,I,NF
Сhampionnats de la Méditerranée,Marseille,27.01.17,J,S,F,I,NF
Heidenheimer Pokal,Heidenheim,26.01.17,S,E,M,I,A
Coupe du Monde par équipes,Phoenix,22.01.17,J,S,M,T,A
Coupe du Monde par équipes,Barcelone,22.01.17,S,E,F,T,A
Coupe du Monde par équipes,Alger,22.01.17,J,S,F,T,A
Challenge International de Paris,Paris,22.01.17,S,F,M,T,A
Coupe du Monde,Alger,21.01.17,J,S,F,I,A
Coupe du Monde,Phoenix,21.01.17,J,S,M,I,A
Challenge International de Paris,Paris,20.01.17,S,F,M,I,A
Ciudad de Barcelona,Barcelone,20.01.17,S,E,F,I,A
Coupe du Monde par équipes,Alger,15.01.17,S,F,F,T,A
Rehbinder Prize,Stockholm,15.01.17,S,E,F,I,SA
SAF-Pokalen,Stockholm,14.01.17,S,E,M,I,SA
Coupe du Monde de fleuret d'Alger by Ooredoo,Alger,13.01.17,S,F,F,I,A
Coupe du Monde par équipes,Tijuana,09.01.17,J,F,M,T,A
Mixed Team Event,Budapest,08.01.17,J,S,M,T,NF
Coupe du Monde,Tijuana,08.01.17,J,F,M,I,A
Coupe du Monde par équipes,Zagreb,08.01.17,J,F,F,T,A
Mixed Team Event,Budapest,08.01.17,J,S,F,T,NF
Coupe du Monde par équipes,Dijon,08.01.17,J,E,F,T,A
Coupe du Monde,Zagreb,07.01.17,J,F,F,I,A
Coupe du Monde,Budapest,07.01.17,J,S,M,I,A
Tournoi de la ville de Dijon,Dijon,07.01.17,J,E,F,I,A
Coupe du Monde,Budapest,07.01.17,J,S,F,I,A
Coupe du Monde par équipes,Burgos,18.12.16,J,E,F,T,A
Coupe du Monde par équipes,Lyon,18.12.16,J,F,F,T,A
Leon Paul CuoTournoi satellite,Londres,18.12.16,S,F,M,I,SA
Coupe du Monde par équipes,Bâle,18.12.16,J,E,M,T,A
Coupe du Monde,Lyon,17.12.16,J,F,F,I,A
Ciudad de Burgos,Burgos,17.12.16,J,E,F,I,A
Tournoi Satellite,Taipei,17.12.16,S,E,M,I,SA
Trophée Maître Roger Nigon,Bâle,17.12.16,J,E,M,I,A
Tournoi Satellite,Taipei,17.12.16,S,E,F,I,SA
Coupe du Monde par équipes,Londres,17.12.16,J,F,M,T,A
Eden Cup,Londres,16.12.16,J,F,M,I,A
Sabre Grand Prix,Cancun,16.12.16,S,S,F,I,GP
Sabre Grand Prix,Cancun,16.12.16,S,S,M,I,GP
Tournoi satellite,Antalya,11.12.16,S,F,F,I,SA
Mixed Team Event,Dormagen,11.12.16,J,S,F,T,NF
Mixed Team Event,Dormagen,11.12.16,J,S,M,T,NF
Preis der Chemiestadt,Dormagen,10.12.16,J,S,F,I,A
Satellite fleuret masculin,Antalya,10.12.16,S,F,M,I,SA
Preis der Chemiestadt,Dormagen,10.12.16,J,S,M,I,A
Grand Prix du Qatar,Doha,09.12.16,S,E,M,I,GP
Grand Prix du Qatar,Doha,09.12.16,S,E,F,I,GP
Mixed Team Event,Bratislava,04.12.16,J,E,F,T,NF
Coupe du Monde par équipes,Györ,04.12.16,S,S,M,T,A
Mixed Team Event,Bratislava,04.12.16,J,E,M,T,NF
Mémorial de Martinengo,Bratislava,03.12.16,J,E,M,I,A
Grand Prix,Turin,02.12.16,S,F,M,I,GP
Coupe du Monde,Bratislava,02.12.16,J,E,F,I,A
Grand Prix,Turin,02.12.16,S,F,F,I,GP
Coupe du Monde,Györ,02.12.16,S,S,M,I,A
Coupe du Monde par équipes,Buenos Aires,20.11.16,S,E,M,T,A
Coupe du monde par équipes,Orléans,20.11.16,S,S,F,T,A
Mixed Team Event,Guatemala City,20.11.16,J,F,F,T,NF
Mixed Team Event,Guatemala City,20.11.16,J,F,M,T,NF
Coupe du Monde,Guatemala City,19.11.16,J,F,F,I,A
Coupe du Monde,Guatemala City,19.11.16,J,F,M,I,A
Trophée BNP Paribas,Orléans,18.11.16,S,S,F,I,A
Coupe du Monde,Buenos Aires,18.11.16,S,E,M,I,A
Coupe du Monde par équipes,Sochi,13.11.16,J,S,M,T,A
Coupe du Monde par équipes,Tokyo,13.11.16,S,F,M,T,A
Coupe du Monde par équipes,Sochi,13.11.16,J,S,F,T,A
Coupe du Monde par équipes,Suzhou,13.11.16,S,E,F,T,A
Tournoi satellite ,Dublin,12.11.16,S,E,M,I,SA
Coupe du Monde,Sochi,12.11.16,J,S,M,I,A
Women's Sabre Junior World Cup,Sochi,11.11.16,J,S,F,I,A
Coupe du Monde,Suzhou,11.11.16,S,E,F,I,A
Prince Takamodo WC,Tokyo,11.11.16,S,F,M,I,A
Mixed Team Event,San Salvador,06.11.16,J,E,M,T,NF
Mixed team event,San Salvador,06.11.16,J,E,F,T,NF
Coupe du Monde par équipes,Dakar,06.11.16,S,S,M,T,A
Coupe du Monde par équipes,St-Maur,06.11.16,S,F,F,T,A
Copa del Mundo,San Salvador,05.11.16,J,E,M,I,A
Coupe du Monde ,Dakar,04.11.16,S,S,M,I,A
Coupe du Monde,St-Maur,04.11.16,S,F,F,I,A
Coupe du Monde,San Salvador,04.11.16,J,E,F,I,A
Coupe du Monde par équipes,Berne,30.10.16,S,E,M,T,A
Camden London Tournoi satellite sabre masculin,Londres,30.10.16,S,S,M,I,SA
Coupe du Monde par équipes,Leszno,30.10.16,J,F,M,T,A
Coupe du Monde,Leszno,29.10.16,J,F,M,I,A
Coupe du Monde par équipes,Bochum,29.10.16,J,F,F,T,A
Coupe du Monde,Berne,28.10.16,S,E,M,I,A
Tournoi international,Bochum,28.10.16,J,F,F,I,A
Coupe du Monde par équipes,Le Caire,23.10.16,S,F,M,T,A
Mixed Team Event,Sosnowiec,23.10.16,J,S,M,T,NF
Coupe du Monde par équipes,Tallin,23.10.16,S,E,F,T,A
Mixed Team Event,Sosnowiec,23.10.16,J,S,F,T,NF
Coupe du Monde,Sosnowiec,22.10.16,J,S,M,I,A
Coupe du Monde,Tallin,21.10.16,S,E,F,I,A
Coupe du Monde,Le Caire,21.10.16,S,F,M,I,A
Coupe du Monde,Sosnowiec,21.10.16,J,S,F,I,A
Tournoi satellite,Gand,16.10.16,S,S,F,I,SA
Coupe du Monde par équipes,Laupheim,16.10.16,J,E,F,T,A
Coupe du Monde par équipes,Cancun,16.10.16,S,F,F,T,A
Coupe du Monde par équipes,Riga,16.10.16,J,E,M,T,A
Tournoi satellite,Gand,16.10.16,S,S,F,I,SA
Uhlmann-Cup,Laupheim,15.10.16,J,E,F,I,A
Belgrade Trophy,Belgrade,15.10.16,S,E,M,I,SA
Tournoi satellite épée féminine,Belgrade,15.10.16,S,E,F,I,SA
Coupe du Monde,Riga,15.10.16,J,E,M,I,A
Tournoi satellite,Cancun,15.10.16,S,F,M,I,SA
Coupe du Monde,Cancun,14.10.16,S,F,F,I,A
Tournoi satellite,Cancun,12.10.16,S,F,F,I,SA
Tournoi Satellite,Oslo,09.10.16,S,E,F,I,SA
Coupe du Monde par équipes,Bangkok,09.10.16,J,F,M,T,A
Coupe du Monde par équipes,Timisoara,09.10.16,J,F,F,T,A
Tournoi Satellite,Oslo,08.10.16,S,E,M,I,SA
Coupe du Monde par équipes,Manama,08.10.16,J,E,M,T,A
Coupe du Monde,Timisoara,08.10.16,J,F,F,I,A
Coupe du Monde,Bangkok,08.10.16,J,F,M,I,A
Coupe du Monde,Manama,07.10.16,J,E,M,I,A
Coupe du monde par equipes,Plovdiv,02.10.16,J,S,F,T,A
Coupe du Monde par équipes,Plovdiv,02.10.16,J,S,M,T,A
Tournoi Satellite,Genève,02.10.16,S,E,F,I,SA
Coupe du Monde,Plovdiv,01.10.16,J,S,F,I,A
Coupe du Monde,Plovdiv,01.10.16,J,S,M,I,A
Tournoi Satellite,Genève,01.10.16,S,E,M,I,SA
Coupe du Monde par équipes,Maalot,25.09.16,J,E,F,T,A
Tournoi satellite sabre masculin,Amsterdam,25.09.16,S,S,M,I,SA
Tournoi satellite,Amsterdam,25.09.16,S,F,F,I,SA
Coupe du Monde,Maalot,24.09.16,J,E,F,I,A
Tournoi satellite fleuret masculin,Amsterdam,24.09.16,S,F,M,I,SA
Mixed team event,Budapest,18.09.16,J,F,F,T,NF
Mixed Team Event,Budapest,18.09.16,J,F,M,T,NF
Coupe du Monde par équipes,Teheran,18.09.16,J,S,M,T,A
Coupe du Monde par équipes,San-Jose,18.09.16,J,S,F,T,A
Coupe du Monde,Budapest,17.09.16,J,F,F,I,A
Coupe du Monde,San-Jose,17.09.16,J,S,F,I,A
Coupe Heracles Junior,Budapest,17.09.16,J,F,M,I,A
Coup du Monde,Teheran,17.09.16,J,S,M,I,A
Coupe du Monde par équipes,Luxembourg,11.09.16,J,E,M,T,A
Coupe du Monde,Luxembourg,10.09.16,J,E,M,I,A
Championnats du monde vétérans par equipes,Stralsund,16.10.16,V,E,M,T,CHM
Championnats du monde vétérans par equipes,Stralsund,15.10.16,V,F,F,T,CHM
Championnats du monde vétérans 60-69,Stralsund,15.10.16,V,S,F,I,CHM
Championnats du monde vétérans 50-59,Stralsund,15.10.16,V,E,M,I,CHM
Championnats du monde vétérans 50-59,Stralsund,15.10.16,V,S,F,I,CHM
Championnats du monde vétérans 70+,Stralsund,15.10.16,V,S,F,I,CHM
Championnats du monde vétérans 60-69,Stralsund,14.10.16,V,F,F,I,CHM
Championnats du monde vétérans 60-69,Stralsund,14.10.16,V,E,M,I,CHM
Championnats du monde vétérans par equipes,Stralsund,14.10.16,V,S,M,T,CHM
Championnats du monde vétérans 70+,Stralsund,14.10.16,V,F,F,I,CHM
Championnats du monde vétérans 70+,Stralsund,14.10.16,V,E,M,I,CHM
Championnats du monde vétérans 50-59,Stralsund,13.10.16,V,S,M,I,CHM
Championnats du monde vétérans par equipes,Stralsund,13.10.16,V,F,M,T,CHM
Championnats du monde vétérans 50-59,Stralsund,13.10.16,V,F,F,I,CHM
Championnats du monde vétérans par equipes,Stralsund,13.10.16,V,E,F,T,CHM
Championnats du monde vétérans 60-69,Stralsund,13.10.16,V,S,M,I,CHM
Championnats du monde vétérans 70+,Stralsund,12.10.16,V,E,F,I,CHM
Championnats du monde vétérans 70+,Stralsund,12.10.16,V,S,M,I,CHM
Championnats du monde vétérans 60-69,Stralsund,12.10.16,V,E,F,I,CHM
Championnats du monde vétérans 50-59,Stralsund,12.10.16,V,F,M,I,CHM
Championnats du monde vétérans 70+,Stralsund,11.10.16,V,F,M,I,CHM
Championnats du monde vétérans 50-59,Stralsund,11.10.16,V,E,F,I,CHM
Championnats du monde vétérans 60-69,Stralsund,11.10.16,V,F,M,I,CHM
Jeux Olympiques,Rio de Janeiro,14.08.16,S,E,M,T,JO
Jeux Olympiques,Rio de Janeiro,13.08.16,S,S,F,T,JO
Jeux Olympiques,Rio de Janeiro,12.08.16,S,F,M,T,JO
Jeux Olympiques,Rio de Janeiro,11.08.16,S,E,F,T,JO
Jeux Olympiques,Rio de Janeiro,10.08.16,S,S,M,I,JO
Jeux Olympiques,Rio de Janeiro,10.08.16,S,F,F,I,JO
Jeux Olympiques,Rio de Janeiro,09.08.16,S,E,M,I,JO
Jeux Olympiques,Rio de Janeiro,08.08.16,S,S,F,I,JO
Jeux Olympiques,Rio de Janeiro,07.08.16,S,F,M,I,JO
Jeux Olympiques,Rio de Janeiro,06.08.16,S,E,F,I,JO
Championnats Panaméricains,Panama,26.06.16,S,S,M,T,CHZ
Championnats Panaméricains,Panama,26.06.16,S,F,F,T,CHZ
Championnats Panaméricains,Panama,25.06.16,S,S,F,T,CHZ
Championnats d'Europe,TORUN,25.06.16,S,S,M,T,CHZ
Championnats d'Europe,TORUN,25.06.16,S,E,F,T,CHZ
Championnats Panaméricains,Panama,25.06.16,S,E,M,T,CHZ
Championnats Panaméricains,Panama,24.06.16,S,F,M,T,CHZ
Championnats d'Europe,TORUN,24.06.16,S,F,F,T,CHZ
Championnats d'Europe,TORUN,24.06.16,S,E,M,T,CHZ
Championnats Panaméricains,Panama,24.06.16,S,E,F,T,CHZ
Championnats d'Europe,TORUN,23.06.16,S,F,M,T,CHZ
Championnats Panaméricains,Panama,23.06.16,S,F,F,I,CHZ
Championnats Panaméricains,Panama,23.06.16,S,S,M,I,CHZ
Championnats d'Europe,TORUN,23.06.16,S,S,F,T,CHZ
Championnats d'Europe,TORUN,22.06.16,S,S,M,I,CHZ
Championnats d'Europe,TORUN,22.06.16,S,E,F,I,CHZ
Championnats Panaméricains,Panama,22.06.16,S,E,M,I,CHZ
Championnats Panaméricains,Panama,22.06.16,S,S,F,I,CHZ
Championnats d'Europe,TORUN,21.06.16,S,E,M,I,CHZ
Championnats Panaméricains,Panama,21.06.16,S,E,F,I,CHZ
Championnats Panaméricains,Panama,21.06.16,S,F,M,I,CHZ
Championnats d'Europe,TORUN,21.06.16,S,F,F,I,CHZ
Championnats d'Europe,TORUN,20.06.16,S,S,F,I,CHZ
Championnats d'Europe,TORUN,20.06.16,S,F,M,I,CHZ
Grand Prix,Shanghai,03.06.16,S,F,M,I,GP
Grand Prix,Shanghai,03.06.16,S,F,F,I,GP
Grand Prix,Moscow,28.05.16,S,S,F,I,GP
Sabre de Moscou,Moscow,27.05.16,S,S,M,I,GP
Challenge SNCF Réseau,Paris,22.05.16,S,E,M,T,A
Coupe du Monde par équipes,Tauberbischofsheim,22.05.16,S,F,F,T,A
Tournoi satellite sabre masculin,Reykjavik,22.05.16,S,S,M,I,SA
Coupe du monde par équipes,Legnano,22.05.16,S,E,F,T,A
Tournoi satellite sabre féminin,Reykjavik,21.05.16,S,S,F,I,SA
Reinhold-Würth-Cup,Tauberbischofsheim,20.05.16,S,F,F,I,A
Coupe du Monde,Legnano,20.05.16,S,E,F,I,A
Challenge SNCF Réseau,Paris,20.05.16,S,E,M,I,A
Coupe du Monde par équipe,St-Petersbourg,15.05.16,S,F,M,T,A
Coupe du Monde par équipes,Foshan,15.05.16,S,S,F,T,A
Coupe du Monde par équipes,Madrid,15.05.16,S,S,M,T,A
St Duje Cup,Split,14.05.16,S,E,M,I,SA
St Duje' s Cup,Split,14.05.16,S,E,F,I,SA
Fleuret de St-Petersbourg,St-Petersbourg,13.05.16,S,F,M,I,A
Villa de Madrid,Madrid,13.05.16,S,S,M,I,A
Coupe du Monde,Foshan,13.05.16,S,S,F,I,A
Cole Cup,Londres,08.05.16,S,E,F,I,SA
Trekanten International,Copenhague,08.05.16,S,F,F,I,SA
Tournoi satellite,Londres,07.05.16,S,S,F,I,SA
Cole Cup,Londres,07.05.16,S,S,M,I,SA
Trekanten International,Copenhague,07.05.16,S,F,M,I,SA
Championnats du Monde - test event,Rio de Janeiro,25.04.16,S,F,F,T,CHM
Championnats du Monde - test event,Rio de Janeiro,25.04.16,S,S,M,T,CHM
Grand Prix - test event,Rio de Janeiro,22.04.16,S,E,M,I,GP
Grand Prix - test event,Rio de Janeiro,22.04.16,S,E,F,I,GP
Championnats de qualification européens,Prague,17.04.16,S,F,M,I,OF
Championnats de qualification panaméricains,San-Jose,17.04.16,S,E,F,I,OF
Championnats de qualification européens,Prague,17.04.16,S,E,F,I,OF
Championnats de qualifications panaméricains,San-Jose,17.04.16,S,F,M,I,OF
Championnats de qualification européens,Prague,17.04.16,S,S,F,I,OF
Championnats de qualifications panaméricains,San-Jose,16.04.16,S,E,M,I,OF
Championnats de qualification européens,Prague,16.04.16,S,F,F,I,OF
Championnats de qualification européens,Prague,16.04.16,S,E,M,I,OF
Championnats de qualification panaméricains,San-Jose,16.04.16,S,S,F,I,OF
Championnats de qualification européens,Prague,16.04.16,S,S,M,I,OF
Championnats d'Afrique,Alger,15.04.16,S,E,F,I,CHZ
Championnats d'Afrique,Alger,15.04.16,S,F,M,T,CHZ
Championnats d'Afrique,Alger,15.04.16,S,S,M,I,CHZ
Championnats d'Afrique,Alger,15.04.16,S,E,F,T,CHZ
Championnats d'Afrique,Alger,15.04.16,S,E,M,T,CHZ
Championnats d'Afrique,Alger,15.04.16,S,F,F,T,CHZ
Championnats d'Afrique,Alger,15.04.16,S,S,F,T,CHZ
Championnats d'Afrique,Alger,15.04.16,S,S,M,T,CHZ
Championnats d'Afrique,Alger,15.04.16,S,S,F,I,CHZ
Championnats de qualification panaméricains,San-Jose,15.04.16,S,S,M,I,OF
Championnats d'Afrique,Alger,15.04.16,S,F,M,I,CHZ
Championnats d'Afrique,Alger,15.04.16,S,F,F,I,CHZ
Championnats d'Afrique,Alger,15.04.16,S,E,M,I,CHZ
Championnats de qualifications panaméricains,San-Jose,15.04.16,S,F,F,I,OF
Championnats de qualification- Afrique,Alger,14.04.16,S,S,M,I,OF
Championnats de qualification - Afrique,Alger,14.04.16,S,S,F,I,OF
Championnats de qualification - Afrique,Alger,14.04.16,S,F,M,I,OF
Championnats de qualification - Afrique,Alger,14.04.16,S,F,F,I,OF
Championnats de qualification - Afrique,Alger,14.04.16,S,E,M,I,OF
Championnats de qualification - Afrique,Alger,14.04.16,S,E,F,I,OF
Championnats asiatiques,Wuxi,13.04.16,S,E,F,T,CHZ
Championnats asiatiques,Wuxi,13.04.16,S,S,F,I,CHZ
Championnats asiatiques,Wuxi,13.04.16,S,S,M,I,CHZ
Championnats asiatiques,Wuxi,13.04.16,S,E,M,T,CHZ
Championnats asiatiques,Wuxi,13.04.16,S,F,F,T,CHZ
Championnats asiatiques,Wuxi,13.04.16,S,F,M,I,CHZ
Championnats asiatiques,Wuxi,13.04.16,S,S,F,T,CHZ
Championnats asiatiques,Wuxi,13.04.16,S,S,M,T,CHZ
Championnats asiatiques,Wuxi,13.04.16,S,E,F,I,CHZ
Championnats asiatiques,Wuxi,13.04.16,S,F,M,T,CHZ
Championnats asiatiques,Wuxi,13.04.16,S,E,M,I,CHZ
Championnats asiatiques,Wuxi,13.04.16,S,F,F,I,CHZ
Championnats de qualification Asie-Océanie,Wuxi,12.04.16,S,S,F,I,OF
Championnats de qualification Asie-Océanie,Wuxi,12.04.16,S,F,M,I,OF
Championnats de qualification Asie-Océanie,Wuxi,12.04.16,S,E,M,I,OF
Championnats de qualification Asie-Océanie,Wuxi,11.04.16,S,S,M,I,OF
Championnats de qualification Asie-Océanie,Wuxi,11.04.16,S,F,F,I,OF
Championnats de qualification Asie-Océanie,Wuxi,11.04.16,S,E,F,I,OF
Championnats du monde juniors-cadets,Bourges,10.04.16,J,F,M,T,CHM
Championnats du monde juniors-cadets,Bourges,10.04.16,J,E,F,T,CHM
Championnats du monde juniors-cadets,Bourges,09.04.16,J,S,F,T,CHM
Championnats du monde juniors-cadets,Bourges,09.04.16,J,E,M,T,CHM
Championnats du monde juniors-cadets,Bourges,08.04.16,J,F,F,T,CHM
Championnats du monde juniors-cadets,Bourges,08.04.16,J,S,M,T,CHM
Championnats du monde juniors-cadets,Bourges,07.04.16,J,F,M,I,CHM
Championnats du monde juniors-cadets,Bourges,07.04.16,J,E,F,I,CHM
Championnats du monde juniors-cadets,Bourges,06.04.16,J,S,F,I,CHM
Championnats du monde juniors-cadets,Bourges,06.04.16,J,E,M,I,CHM
Championnats du monde juniors-cadets,Bourges,05.04.16,J,F,F,I,CHM
Championnats du monde juniors-cadets,Bourges,05.04.16,J,S,M,I,CHM
Championnats du monde juniors-cadets,Bourges,03.04.16,C,F,M,I,CHM
Championnats du monde juniors-cadets,Bourges,03.04.16,C,E,F,I,CHM
Championnats du monde juniors-cadets,Bourges,02.04.16,C,S,F,I,CHM
Championnats du monde juniors-cadets,Bourges,02.04.16,C,E,M,I,CHM
Championnats du monde juniors-cadets,Bourges,01.04.16,C,S,M,I,CHM
Championnats du monde juniors-cadets,Bourges,01.04.16,C,F,F,I,CHM
Grand Prix,Seoul,25.03.16,S,S,F,I,GP
Grand Prix,Seoul,25.03.16,S,S,M,I,GP
Tournoi satellite,Rome,19.03.16,S,S,F,I,SA
WESTEND Grand Prix,Budapest,18.03.16,S,E,M,I,GP
WESTEND Grand Prix,Budapest,18.03.16,S,E,F,I,GP
Tournoi satellite,Sofia,12.03.16,S,E,F,I,SA
Normann Jørgensen Cup,Copenhague,12.03.16,S,S,M,I,SA
Tournoi satellite,Sofia,12.03.16,S,E,M,I,SA
Grand Prix,La Havane,11.03.16,S,F,F,I,GP
Grand Prix,La Havane,11.03.16,S,F,F,I,GP
Championnats d'Afrique,Bamako,06.03.16,J,E,M,T,CHZ
Championnats d'Afrique,Bamako,06.03.16,J,F,M,T,CHZ
Championnats d'Afrique,Bamako,06.03.16,J,S,M,T,CHZ
Championnats d'Afrique,Bamako,06.03.16,J,E,F,T,CHZ
Championnats d'Afrique,Bamako,06.03.16,J,F,F,T,CHZ
Championnats d'Afrique,Bamako,06.03.16,J,S,F,T,CHZ
Championnats d'Afrique,Bamako,05.03.16,J,F,M,I,CHZ
Championnats d'Afrique,Bamako,05.03.16,J,E,F,I,CHZ
Tournoi satellite,Cancun,05.03.16,S,F,M,I,SA
Championnats d'Afrique,Bamako,05.03.16,J,S,M,I,CHZ
Championnats d'Afrique,Bamako,04.03.16,J,F,F,I,CHZ
Championnats d'Afrique,Bamako,04.03.16,J,S,F,I,CHZ
Championnats d'Afrique,Bamako,04.03.16,J,E,M,I,CHZ
Championnats d'Afrique,Bamako,03.03.16,C,S,M,I,NF
Championnats d'Afrique,Bamako,03.03.16,C,E,F,I,NF
Championnats d'Afrique,Bamako,03.03.16,C,F,M,I,NF
Championnats d'Afrique,Bamako,02.03.16,C,E,M,I,NF
Championnats d'Afrique,Bamako,02.03.16,C,S,F,I,NF
Championnats d'Afrique,Bamako,02.03.16,C,F,F,I,NF
Championnats d’Europe juniors,Novi Sad,29.02.16,J,F,M,I,CHZ
Championnats d’Europe juniors-Team,Novi Sad,29.02.16,J,F,M,T,CHZ
Championnats d’Europe juniors,Novi Sad,29.02.16,J,S,F,I,CHZ
Championnats d'Europe Cadets *,Novi Sad,29.02.16,C,S,M,I,NF
Championnats d’Europe juniors,Novi Sad,29.02.16,J,S,M,I,CHZ
Championnats d’Europe juniors,Novi Sad,29.02.16,J,S,M,I,CHZ
Championnats d'Europe Cadets *,Novi Sad,29.02.16,C,S,F,I,NF
Championnats d’Europe juniors-Team,Novi Sad,29.02.16,J,E,M,T,CHZ
Championnats asiatiques juniors-Team,Manama,29.02.16,J,S,F,T,CHZ
Championnats d'Europe Cadets *,Novi Sad,29.02.16,C,F,M,I,NF
Championnats d'Europe Cadets *,Novi Sad,29.02.16,C,F,F,I,NF
Championnats d’Europe juniors-Team,Novi Sad,29.02.16,J,S,F,T,CHZ
Championnats d’Europe juniors,Novi Sad,29.02.16,J,E,F,I,CHZ
Championnats asiatiques juniors-Team,Manama,29.02.16,J,F,M,T,CHZ
Championnats d'Europe Cadets *,Novi Sad,29.02.16,C,E,M,I,NF
Championnats d’Europe juniors-Team,Novi Sad,29.02.16,J,F,F,T,CHZ
Championnats d’Europe juniors,Novi Sad,29.02.16,J,E,M,I,CHZ
Championnats asiatiques juniors,Manama,29.02.16,J,S,F,I,CHZ
Championnats d'Europe Cadets *,Novi Sad,29.02.16,C,E,F,I,NF
Championnats d’Europe juniors-Team,Novi Sad,29.02.16,J,E,F,T,CHZ
Championnats d’Europe juniors,Novi Sad,29.02.16,J,F,F,I,CHZ
Championnats asiatiques juniors-Team,Manama,29.02.16,J,F,F,T,CHZ
Championnats d’Europe juniors-Team,Novi Sad,29.02.16,J,S,M,T,CHZ
Championnats asiatiques juniors,Manama,28.02.16,J,F,F,I,CHZ
Championnats Panaméricains Juniors,Cancun,27.02.16,J,F,M,T,CHZ
Championnats Panaméricains Juniors,Cancun,27.02.16,J,S,F,T,CHZ
Championnats Panaméricains Cadets,Cancun,27.02.16,C,F,M,I,NF
Championnats asiatiques juniors,Manama,27.02.16,J,E,F,I,CHZ
Championnats asiatiques juniors,Manama,27.02.16,J,F,M,I,CHZ
Championnats Panaméricains Juniors,Cancun,27.02.16,J,E,M,I,CHZ
Championnats Panaméricains Juniors,Cancun,27.02.16,J,F,M,T,CHZ
Championnats Panaméricains Juniors,Cancun,27.02.16,J,S,F,T,CHZ
Championnats asiatiques juniors,Manama,27.02.16,J,F,M,I,CHZ
Championnats Panaméricains Cadets,Cancun,27.02.16,C,F,M,I,NF
Championnats asiatiques juniors,Manama,27.02.16,J,E,F,I,CHZ
Championnats Panaméricains Juniors,Cancun,27.02.16,J,E,M,I,CHZ
Championnats Panaméricains Juniors,Cancun,27.02.16,J,F,M,I,CHZ
Championnats Panaméricains Juniors,Cancun,27.02.16,J,S,M,I,CHZ
Championnats Panaméricains Juniors,Cancun,27.02.16,J,F,F,T,CHZ
Championnats Panaméricains Cadets,Cancun,27.02.16,C,F,F,I,NF
Championnats Panaméricains Juniors,Cancun,27.02.16,J,E,M,T,CHZ
Championnats Panaméricains Cadets,Cancun,27.02.16,C,E,M,I,NF
Championnats Panaméricains Cadets,Cancun,27.02.16,C,S,M,I,NF
Championnats Panaméricains Juniors,Cancun,27.02.16,J,S,M,T,CHZ
Championnats asiatiques juniors-Team,Dammam,23.02.16,J,S,M,T,CHZ
Championnats asiatiques juniors-Team,Dammam,23.02.16,J,E,M,T,CHZ
Championnats asiatiques juniors,Dammam,22.02.16,J,S,M,I,CHZ
Championnats asiatiques juniors,Dammam,22.02.16,J,E,M,I,CHZ
Coupe du Monde par équipes,Varsovie,21.02.16,S,S,M,T,A
Coupe du Monde par équipes,Sint-Niklaas ,21.02.16,S,S,F,T,A
Sabre de Wolodyjowski,Varsovie,19.02.16,S,S,M,I,A
Coupe du Monde,Sint-Niklaas ,19.02.16,S,S,F,I,A
Coupe du Monde par équipes,Buenos Aires,14.02.16,S,E,F,T,A
Coupe du Monde par équipes,Udine,14.02.16,J,E,F,T,A
Coupe du Monde par équipes,Vancouver,14.02.16,S,E,M,T,A
Alpe Adria,Udine,14.02.16,J,F,M,I,A
Coupe du Monde par équipes,Buenos Aires,14.02.16,S,E,F,T,A
Coupe du Monde par équipes,Udine,14.02.16,J,E,F,T,A
Coupe du Monde par équipes,Udine,13.02.16,J,E,M,T,A
Coupe du Monde,Vrsac,13.02.16,J,F,F,I,A
Alpe Adria,Udine,13.02.16,J,S,F,I,A
Coupe du Monde,Udine,13.02.16,J,E,F,I,A
Coupe du Monde,Alger,13.02.16,J,S,M,I,A
Coupe du Monde,Vancouver,12.02.16,S,E,M,I,A
Coupe du Monde,Buenos Aires,12.02.16,S,E,F,I,A
Alpe Adria,Udine,12.02.16,J,E,M,I,A
Coupe du Monde par équipes,Alger,07.02.16,S,F,F,T,A
Coupe du Monde par équipes Löwe von Bonn,Bonn,07.02.16,S,F,M,T,A
Coupe du Monde,Alger,05.02.16,S,F,F,I,A
Löwe von Bonn,Bonn,05.02.16,S,F,M,I,A
Coupe du Monde par équipes,Padoue,31.01.16,S,S,M,T,A
Coupe du Monde par équipes,Burgos,31.01.16,J,E,F,T,A
Coupe du Monde équipes,Athènes,31.01.16,S,S,F,T,A
Coupe du Monde par équipes,Zagreb,31.01.16,J,F,F,T,A
Coupe du Monde par équipes,Aix-en-Provence,31.01.16,J,F,M,T,A
Ciudad de Burgos,Burgos,30.01.16,J,E,F,I,A
Coupe du Monde,Zagreb,30.01.16,J,F,F,I,A
Coupe du Monde,Riga,30.01.16,J,E,M,I,A
Challenge Licciardi,Aix-en-Provence,30.01.16,J,F,M,I,A
Trophée Luxardo,Padoue,29.01.16,S,S,M,I,A
Coupe du Monde,Athènes,29.01.16,S,S,F,I,A
Coupe du Monde par équipes,Phoenix,24.01.16,J,S,M,T,A
Coupe du Monde par équipes,Barcelone,24.01.16,S,E,F,T,A
Coupe du Monde par équipes,Dourdan,24.01.16,J,S,F,T,A
Heidenheimer Pokal,Heidenheim,23.01.16,S,E,M,T,A
Coupe du Monde,Dourdan,23.01.16,J,S,F,I,A
Coupe du Monde,Phoenix,23.01.16,J,S,M,I,A
Ciudad de Barcelona,Barcelone,22.01.16,S,E,F,I,A
Heidenheimer Pokal,Heidenheim,21.01.16,S,E,M,I,A
Coupe du Monde par équipes,Gdansk,17.01.16,S,F,F,T,A
Coupe du Monde par équipes,Bâle,17.01.16,J,E,M,T,A
Challenge International de Paris,Paris,17.01.16,S,F,M,T,A
Tournoi de la ville de Dijon,Dijon,17.01.16,J,E,F,I,A
Trophée Maître Roger Nigon,Bâle,16.01.16,J,E,M,I,A
Challenge International de Paris,Paris,15.01.16,S,F,M,I,A
The Artus Court PKO BP,Gdansk,15.01.16,S,F,F,I,A
Leon Paul satellite fleuret masculin,Londres,10.01.16,S,F,M,I,SA
Rehbinder Prize,Stockholm,10.01.16,S,E,F,I,SA
Tournoi satellite sabre masculin,Istanbul,09.01.16,S,S,M,I,SA
Coupe du Monde,Segovia,09.01.16,J,S,F,I,A
Coupe du Monde,Mödling,09.01.16,J,F,F,I,A
Eden Cup,Londres,09.01.16,J,F,M,I,A
Coupe du Monde,Teheran,09.01.16,J,S,M,I,A
SAF-Pokalen,Stockholm,09.01.16,S,E,M,I,SA
Tournoi satellite,Istanbul,09.01.16,S,S,F,I,SA
Tournoi satellite,Cancun,15.12.15,S,S,F,I,SA
Tournoi satellite,Kocaeli,12.12.15,S,F,M,I,SA
Absolute Fencing Gear Sabre Grand Prix,Boston,12.12.15,S,S,M,I,GP
Absolute Fencing Gear Sabre Grand Prix,Boston,12.12.15,S,S,F,I,GP
Coupe du Monde,Lyon,12.12.15,J,F,F,I,A
Tournoi satellite,Kocaeli,12.12.15,S,F,F,I,SA
Coupe du Monde,Terrassa (Barcelona),12.12.15,J,F,M,I,A
Coupe du Monde par équipes,Dormagen,06.12.15,J,S,F,T,A
Grand Prix du Qatar 2015,Doha,05.12.15,S,E,F,I,GP
Preis der Chemiestadt,Dormagen,05.12.15,J,S,M,I,A
Preis der Chemiestadt,Dormagen,05.12.15,J,S,F,I,A
Grand Prix du Qatar 2015,Doha,04.12.15,S,E,M,I,GP
Coupe du Monde par équipes,Bratislava,29.11.15,J,F,M,T,A
Memorial de Martinengo,Bratislava,29.11.15,J,F,F,I,A
Tournoi satellite épée masculine,Dublin,28.11.15,S,E,M,I,SA
Memorial de Martinengo,Bratislava,28.11.15,J,F,M,I,A
Coupe du Monde par équipes,Bratislava,28.11.15,J,E,M,T,A
Mémorial de Martinengo,Bratislava,27.11.15,J,E,M,I,A
Grand Prix,Turin,27.11.15,S,F,M,I,GP
Grand Prix,Turin,27.11.15,S,F,F,I,GP
Coupe du Monde par équipes,Plovdiv,15.11.15,J,S,M,T,A
Coupe du Monde par équipes,Tallin,15.11.15,S,E,M,T,A
Coupe du Monde par équipes,Nanjing,15.11.15,S,E,F,T,A
Coupe du Monde,Plovdiv,14.11.15,J,S,M,I,A
Tournoi satellite,Ankara,14.11.15,S,F,F,I,SA
Tournoi satellite,Ankara,14.11.15,S,F,F,I,SA
Women's Sabre Junior World Cup,Plovdiv,14.11.15,J,S,F,I,A
Tournoi International,Nanjing,13.11.15,S,E,F,I,A
Glaive de Tallin,Tallin,13.11.15,S,E,M,I,A
Coupe du Monde par équipes,Tokyo,08.11.15,S,F,M,T,A
Tournoi satellite,Amsterdam,08.11.15,S,S,M,I,SA
Coupe du Monde par équipes,Espoo (Helsinki),08.11.15,J,E,F,T,A
Coupe du Monde par équipes,St-Maur,08.11.15,S,F,F,T,A
Tournoi satellite épée féminine,Copenhague,08.11.15,S,E,F,I,SA
Copa del Mundo,San Salvador,07.11.15,J,E,M,I,A
Tournoi satellite épée masculine,Copenhague,07.11.15,S,E,M,I,SA
Coupe du Monde,Espoo (Helsinki),07.11.15,J,E,F,I,A
Coupe du Monde,St-Maur,06.11.15,S,F,F,I,A
Prince Takamodo WC,Tokyo,06.11.15,S,F,M,I,A
Coupe du Monde par équipes,Orléans,01.11.15,S,S,F,T,A
Coupe du Monde par équipes,Budapest,01.11.15,S,S,M,T,A
Coupe du Monde par équipes,Bangkok,01.11.15,J,F,M,T,A
Tournoi satellite épée féminine,Oslo,01.11.15,S,E,F,I,SA
Tournoi international,Bochum,31.10.15,J,F,F,I,A
Tournoi satellite épée masculine,Oslo,31.10.15,S,E,M,I,SA
Coupe du Monde,Bangkok,31.10.15,J,F,M,I,A
Trophée BNP-Paribas,Orléans,30.10.15,S,S,F,I,A
Coupe du Monde,Budapest,30.10.15,S,S,M,I,A
Coupe du Monde par équipes,Berne,25.10.15,S,E,M,T,A
Coupe du Monde par équipes,Legnano,25.10.15,S,E,F,T,A
Coupe du Monde par équipes,Legnano,25.10.15,S,E,F,T,A
Coupe du Monde,Sosnowiec,24.10.15,J,S,F,I,A
Coupe du Monde,Berne,23.10.15,S,E,M,I,A
Coupe du Monde,Legnano,23.10.15,S,E,F,I,A
Coupe du Monde,Sosnowiec,23.10.15,J,S,M,I,A
Kupittaa tournament, épée féminine,Turku,18.10.15,S,E,F,I,SA
Coupe du Monde par équipes,San José,18.10.15,S,F,M,T,A
Tournoi satellite sabre masculin,Gand,18.10.15,S,S,M,I,SA
Coupe du Monde par équipes,Cancun,18.10.15,S,F,F,T,A
Coupe du Monde,Turku,18.10.15,J,E,M,I,A
Uhlmann-Cup,Laupheim,17.10.15,J,E,F,I,A
Kupittaa tournament, épée masculine,Turku,17.10.15,S,E,M,I,SA
Coupe du Monde,Cancun,16.10.15,S,F,F,I,A
Coupe du Monde,San José,16.10.15,S,F,M,I,A
Tournoi satellite,Cancun,13.10.15,S,F,F,I,SA
Coupe du Monde par équipes,Guatemala City,11.10.15,J,F,F,T,A
Coupe du monde par équipes,Caracas,11.10.15,S,S,F,T,A
Coupe du Monde par équipes,Leszno,11.10.15,J,F,M,T,A
Coupe du Monde par équipes,Tbilisi,11.10.15,S,S,M,T,A
Coupe du Monde,Cancun,10.10.15,J,S,M,I,A
Coupe du Monde,Leszno,10.10.15,J,F,M,I,A
Belgrade Trophy,Belgrade,10.10.15,S,E,M,I,SA
Belgrade Trophy,Belgrade,10.10.15,S,E,F,I,SA
Coupe du Monde,Guatemala City,10.10.15,J,F,F,I,A
Coupe du Monde,Tbilisi,09.10.15,S,S,M,I,A
Coupe du monde,Caracas,09.10.15,S,S,F,I,A
Coupe du Monde *,Maalot,03.10.15,J,E,F,I,A
Tournoi Satellite,Genève,03.10.15,S,E,M,I,SA
Coupe du Monde par équipes,Kuweit City,03.10.15,J,E,M,T,A
Coupe du Monde,Kuweit City,02.10.15,J,E,M,I,A
Coupe du Monde par équipes,Timisoara,27.09.15,J,F,F,T,A
Coupe Heracles Junior,Györ,26.09.15,J,F,M,I,A
Coupe du Monde,Timisoara,26.09.15,J,F,F,I,A
Coupe du Monde par équipes,San-Jose,20.09.15,J,S,F,T,A
Coupe du Monde,Budapest,20.09.15,J,E,F,I,A
Coupe du Monde par équipes,Budapest,20.09.15,J,S,M,T,A
Coupe du Monde,San-Jose,19.09.15,J,S,F,I,A
Coupe Heracles Junior,Budapest,19.09.15,J,S,M,I,A
Coupe du Monde,Luxembourg,19.09.15,J,E,M,I,A
Championnat du monde Veterans *,Limoges,25.10.15,V,S,F,T,CHM
Championnats du monde vétérans 50-59 *,Limoges,20.10.15,V,E,M,I,CHM
Championnats du monde Vétérans 60-69 *,Limoges,20.10.15,V,F,M,I,CHM
Championnats du monde vétérans 50-59 *,Limoges,20.10.15,V,F,M,I,CHM
Championnats du monde Vétérans 60-69 *,Limoges,20.10.15,V,S,M,I,CHM
Championnats du monde Vétérans par équipes *,Limoges,20.10.15,V,E,M,T,CHM
Championnats du monde Vétérans 60-69 *,Limoges,20.10.15,V,S,F,I,CHM
Championnats du monde Vétérans 60-69 *,Limoges,20.10.15,V,E,M,I,CHM
Championnats du monde Vétérans par équipes *,Limoges,20.10.15,V,F,M,T,CHM
Championnats du monde Vétérans 70+ *,Limoges,20.10.15,V,E,F,I,CHM
Championnats du monde Vétérans 70+ *,Limoges,20.10.15,V,E,M,I,CHM
Championnats du monde Vétérans 60-69 *,Limoges,20.10.15,V,F,F,I,CHM
Championnats du monde Vétérans 70+ *,Limoges,20.10.15,V,S,F,I,CHM
Championnats du monde Vétérans par équipes *,Limoges,20.10.15,V,F,F,T,CHM
Championnats du monde Vétérans 60-69 *,Limoges,20.10.15,V,E,F,I,CHM
Championnats du monde Vétérans 60-69 *,Limoges,20.10.15,V,S,F,I,CHM
Championnats du monde Vétérans 60-69 *,Limoges,20.10.15,V,E,M,I,CHM
Championnats du monde vétérans 50-59 *,Limoges,20.10.15,V,E,M,I,CHM
Championnats du monde Vétérans 60-69 *,Limoges,20.10.15,V,F,M,I,CHM
Championnats du monde vétérans 50-59 *,Limoges,20.10.15,V,F,M,I,CHM
Championnats du monde Vétérans 60-69 *,Limoges,20.10.15,V,S,M,I,CHM
Championnats du monde Vétérans par équipes *,Limoges,20.10.15,V,E,M,T,CHM
Championnats du monde Vétérans par équipes *,Limoges,20.10.15,V,F,M,T,CHM
Jeux africains,Brazaville,02.09.15,S,E,F,T,NF
Jeux africains,Brazaville,02.09.15,S,S,M,I,NF
Jeux africains,Brazaville,02.09.15,S,S,F,I,NF
Jeux africains,Brazaville,02.09.15,S,F,M,I,NF
Jeux africains,Brazaville,02.09.15,S,S,F,T,NF
Jeux africains,Brazaville,02.09.15,S,F,F,I,NF
Jeux africains,Brazaville,02.09.15,S,S,M,T,NF
Jeux africains,Brazaville,02.09.15,S,E,M,I,NF
Jeux africains,Brazaville,02.09.15,S,F,M,T,NF
Jeux africains,Brazaville,02.09.15,S,E,F,I,NF
Jeux africains,Brazaville,02.09.15,S,F,F,T,NF
Jeux africains,Brazaville,02.09.15,S,E,M,T,NF
Championnats du Monde,Moscow,18.07.15,S,F,M,T,CHM
Championnats du Monde,Moscow,18.07.15,S,F,M,T,CHM
Championnats du Monde,Moscow,17.07.15,S,E,F,T,CHM
Championnats du Monde,Moscow,17.07.15,S,E,M,T,CHM
Championnats du Monde,Moscow,16.07.15,S,S,M,T,CHM
Championnats du Monde,Moscow,16.07.15,S,S,F,T,CHM
Championnats du Monde,Moscow,15.07.15,S,F,F,I,CHM
Championnats du Monde,Moscow,15.07.15,S,F,M,I,CHM
Championnats du Monde,Moscow,14.07.15,S,E,M,I,CHM
Championnats du Monde,Moscow,14.07.15,S,E,F,I,CHM
Championnats du Monde,Moscow,13.07.15,S,S,F,I,CHM
Championnats du Monde,Moscow,13.07.15,S,S,M,I,CHM
Championnats asiatiques,Singapore,25.06.15,S,E,F,I,CHZ
Championnats asiatiques,Singapore,25.06.15,S,S,M,T,CHZ
Championnats asiatiques,Singapore,25.06.15,S,E,M,I,CHZ
Championnats asiatiques,Singapore,25.06.15,S,F,M,T,CHZ
Championnats asiatiques,Singapore,25.06.15,S,S,M,I,CHZ
Championnats asiatiques,Singapore,25.06.15,S,F,M,I,CHZ
Championnats asiatiques,Singapore,25.06.15,S,F,F,T,CHZ
Jeux Européens *,Baku,25.06.15,S,S,F,I,NF
Championnats asiatiques,Singapore,25.06.15,S,S,F,T,CHZ
Jeux Européens *,Baku,25.06.15,S,F,M,I,NF
Championnats asiatiques,Singapore,25.06.15,S,F,F,I,CHZ
Championnats asiatiques,Singapore,25.06.15,S,S,F,I,CHZ
Championnats asiatiques,Singapore,25.06.15,S,E,F,T,CHZ
Championnats asiatiques,Singapore,25.06.15,S,E,M,T,CHZ
Jeux Européens *,Baku,24.06.15,S,F,F,I,NF
Jeux Européens *,Baku,24.06.15,S,E,M,I,NF
Jeux Européens *,Baku,23.06.15,S,E,F,I,NF
Jeux Européens *,Baku,23.06.15,S,S,M,I,NF
Championnats d'Afrique,Le Caire,16.06.15,S,E,M,T,CHZ
Championnats d'Afrique,Le Caire,16.06.15,S,F,F,T,CHZ
Championnats d'Afrique,Le Caire,16.06.15,S,S,M,T,CHZ
Championnats d'Afrique,Le Caire,15.06.15,S,E,F,T,CHZ
Championnats d'Afrique,Le Caire,15.06.15,S,F,M,T,CHZ
Championnats d'Afrique,Le Caire,15.06.15,S,S,F,T,CHZ
Championnats d'Afrique,Le Caire,14.06.15,S,S,M,I,CHZ
Championnats d'Afrique,Le Caire,14.06.15,S,F,F,I,CHZ
Championnats d'Afrique,Le Caire,13.06.15,S,S,F,I,CHZ
Championnats d'Afrique,Le Caire,13.06.15,S,E,M,I,CHZ
Championnats d'Afrique,Le Caire,12.06.15,S,E,F,I,CHZ
Championnats d'Afrique,Le Caire,12.06.15,S,F,M,I,CHZ
Championnats d'Europe,Montreux,11.06.15,S,F,F,T,CHZ
Championnats d'Europe,Montreux,11.06.15,S,S,M,T,CHZ
Championnats d'Europe,Montreux,10.06.15,S,E,M,T,CHZ
Championnats d'Europe,Montreux,10.06.15,S,S,F,T,CHZ
Championnats d'Europe,Montreux,09.06.15,S,F,M,T,CHZ
Championnats d'Europe,Montreux,09.06.15,S,E,F,T,CHZ
Championnats d'Europe,Montreux,08.06.15,S,S,M,I,CHZ
Championnats d'Europe,Montreux,08.06.15,S,F,F,I,CHZ
Championnats d'Europe,Montreux,07.06.15,S,S,F,I,CHZ
Championnats d'Europe,Montreux,07.06.15,S,S,F,I,CHZ
Championnats d'Europe,Montreux,06.06.15,S,E,F,I,CHZ
Championnats d'Europe,Montreux,05.06.15,S,F,M,I,CHZ
Moscow saber Grand Prix,Moscow,29.05.15,S,S,M,I,GP
Moscow saber Grand Prix,Moscow,29.05.15,S,S,F,I,GP
Tournoi satellite sabre masculin,Reykjavik,24.05.15,S,S,M,I,SA
Grand Prix,Rio de Janeiro,23.05.15,S,E,F,I,GP
Tournoi satellite sabre féminin,Reykjavik,23.05.15,S,S,F,I,SA
Grand Prix,Rio de Janeiro,22.05.15,S,E,M,I,GP
Tournoi satellite epee feminine,Split,16.05.15,S,E,F,I,SA
Tournoi satellite,Split,16.05.15,S,E,M,I,SA
Grand Prix,Shanghai,15.05.15,S,F,F,I,GP
Grand Prix,Shanghai,15.05.15,S,F,M,I,GP
Tournoi satellite fleuret féminin,Copenhague,10.05.15,S,F,F,I,SA
Tournoi satellite,Maalot,09.05.15,S,E,F,I,SA
Tournoi satellite fleuret masculin,Copenhague,09.05.15,S,F,M,I,SA
Coupe du Monde par équipes,Tauberbischofsheim,03.05.15,S,F,F,T,A
Coupe du Monde par équipes,Madrid,03.05.15,S,S,M,T,A
Coupe du monde par équipes,Johannesbourg,03.05.15,S,E,F,T,A
Coupe du Monde par équipes,St-Petersbourg,03.05.15,S,F,M,T,A
Coupe du Monde par équipes,Beijing,03.05.15,S,S,F,T,A
Challenge SNCF Réseau,Paris,03.05.15,S,E,M,T,A
Challenge SNCF Réseau,Paris,01.05.15,S,E,M,I,A
Coupe du Monde,Johannesbourg,01.05.15,S,E,F,I,A
Coupe du Monde,Beijing,01.05.15,S,S,F,I,A
Reinhold-Würth-Cup,Tauberbischofsheim,01.05.15,S,F,F,I,A
Challenge SNCF Réseau,Paris,01.05.15,S,E,M,I,A
Coupe du Monde,Johannesbourg,01.05.15,S,E,F,I,A
Cole Cup,Londres,26.04.15,S,E,F,I,SA
Tournoi satellite,Londres,25.04.15,S,S,F,I,SA
Cole Cup,Londres,25.04.15,S,S,M,I,SA
Championnats Panaméricains,Santiago,17.04.15,S,F,M,I,CHZ
Championnats Panaméricains,Santiago,17.04.15,S,F,M,T,CHZ
Championnats Panaméricains,Santiago,17.04.15,S,E,M,I,CHZ
Championnats Panaméricains,Santiago,17.04.15,S,S,F,T,CHZ
Championnats Panaméricains,Santiago,17.04.15,S,S,M,T,CHZ
Championnats Panaméricains,Santiago,17.04.15,S,F,F,I,CHZ
Championnats Panaméricains,Santiago,17.04.15,S,S,F,I,CHZ
Championnats Panaméricains,Santiago,17.04.15,S,S,M,I,CHZ
Championnats Panaméricains,Santiago,17.04.15,S,E,F,T,CHZ
Championnats Panaméricains,Santiago,17.04.15,S,E,M,T,CHZ
Championnats Panaméricains,Santiago,17.04.15,S,E,F,I,CHZ
Championnats Panaméricains,Santiago,17.04.15,S,F,F,T,CHZ
Champ du monde juniors-cadets,Tashkent,08.04.15,J,E,F,T,CHM
Champ du monde juniors-cadets,Tashkent,08.04.15,J,S,M,T,CHM
Champ du monde juniors-cadets,Tashkent,07.04.15,J,F,M,T,CHM
Champ du monde juniors-cadets,Tashkent,07.04.15,J,S,M,I,CHM
Champ du monde juniors-cadets,Tashkent,07.04.15,J,E,F,I,CHM
Champ du monde juniors-cadets,Tashkent,07.04.15,J,S,F,T,CHM
Champ du monde juniors-cadets,Tashkent,06.04.15,J,F,F,T,CHM
Champ du monde juniors-cadets,Tashkent,06.04.15,J,F,M,I,CHM
Champ du monde juniors-cadets,Tashkent,06.04.15,J,E,M,T,CHM
Champ du monde juniors-cadets,Tashkent,06.04.15,J,S,F,I,CHM
Champ du monde juniors-cadets,Tashkent,05.04.15,J,F,F,I,CHM
Champ du monde juniors-cadets,Tashkent,05.04.15,J,E,M,I,CHM
Champ du monde juniors-cadets,Tashkent,03.04.15,C,S,M,I,CHM
Champ du monde juniors-cadets,Tashkent,03.04.15,C,F,F,I,CHM
Champ du monde juniors-cadets,Tashkent,02.04.15,C,F,M,I,CHM
Champ du monde juniors-cadets,Tashkent,02.04.15,C,S,F,I,CHM
Champ du monde juniors-cadets,Tashkent,01.04.15,C,E,F,I,CHM
Champ du monde juniors-cadets,Tashkent,01.04.15,C,E,M,I,CHM
Grand Prix,Séoul,28.03.15,S,S,F,I,GP
Grand Prix,Séoul,28.03.15,S,S,M,I,GP
Tournoi satellite,Rome,22.03.15,S,S,F,I,SA
Westend Grand Prix "in Memoriam Vass Imre",Budapest,20.03.15,S,E,M,I,GP
Westend Grand Prix "in Memoriam Sakovics Jozsef",Budapest,20.03.15,S,E,F,I,GP
Tournoi satellite,Sofia,14.03.15,S,E,F,I,SA
Tournoi satellite sabre masculin,Helsinki,14.03.15,S,S,M,I,SA
Tournoi Satellite,Sofia,14.03.15,S,E,M,I,SA
Grand Prix,La Havane,13.03.15,S,F,F,I,GP
Grand Prix,La Havane,13.03.15,S,F,M,I,GP
Coupe du Monde par équipes,Udine,08.03.15,J,E,F,T,A
Coupe du Monde par équipes,Udine,08.03.15,J,E,M,T,A
Coupe du Monde par équipes,Belgrade,08.03.15,J,F,F,T,A
Coupe du Monde par équipes,Alger,08.03.15,J,S,M,T,A
Tournoi satellite,Cancun,07.03.15,S,F,M,I,SA
Coupe du Monde,Alger,07.03.15,J,S,M,I,A
Alpe Adria,Udine,07.03.15,J,E,M,I,A
Coupe du Monde,Udine,07.03.15,J,E,F,I,A
Coupe du Monde,Belgrade,07.03.15,J,F,F,I,A
Alpe Adria,Udine,06.03.15,J,S,F,I,A
Alpe Adria,Udine,06.03.15,J,F,M,I,A
Championnats asiatiques juniors-Team,Abu Dhabi,05.03.15,J,F,M,T,CHZ
Championnats asiatiques juniors,Abu Dhabi,05.03.15,J,S,F,I,CHZ
Championnats asiatiques juniors,Abu Dhabi,05.03.15,J,E,M,I,CHZ
Championnats asiatiques juniors-Team,Abu Dhabi,05.03.15,J,F,F,T,CHZ
Championnats asiatiques juniors-Team,Abu Dhabi,05.03.15,J,E,M,T,CHZ
Championnats asiatiques juniors-Team,Abu Dhabi,05.03.15,J,S,M,T,CHZ
Championnats asiatiques juniors,Abu Dhabi,05.03.15,J,E,F,I,CHZ
Championnats asiatiques juniors,Abu Dhabi,05.03.15,J,F,M,I,CHZ
Championnats asiatiques juniors-Team,Abu Dhabi,05.03.15,J,E,F,T,CHZ
Championnats asiatiques juniors,Abu Dhabi,05.03.15,J,S,M,I,CHZ
Championnats asiatiques juniors-Team,Abu Dhabi,05.03.15,J,S,F,T,CHZ
Championnats asiatiques juniors,Abu Dhabi,05.03.15,J,F,F,I,CHZ
Championnats d'Afrique cadets  juniors,Alger,01.03.15,J,S,F,I,CHZ
Championnats d'Afrique cadets juniors-Team,Alger,01.03.15,J,E,F,T,CHZ
Championnats d’Europe juniors-Team,Maribor,01.03.15,J,F,F,T,CHZ
Championnats d'Afrique cadets et juniors,Alger,01.03.15,J,E,F,I,CHZ
Championnats d'Afrique cadets juniors-Team,Alger,01.03.15,J,F,F,T,CHZ
Championnats d'Afrique cadets juniors-Team,Alger,01.03.15,J,S,F,T,CHZ
Championnats d’Europe juniors-Team,Maribor,01.03.15,J,F,M,T,CHZ
Championnats d'Afrique cadets juniors-Team,Alger,01.03.15,J,E,M,T,CHZ
Championnats d'Afrique cadets juniors-Team,Alger,01.03.15,J,F,M,T,CHZ
Championnats d'Afrique cadets juniors,Alger,01.03.15,J,F,F,I,CHZ
Championnats d’Europe juniors,Maribor,01.03.15,J,E,F,I,CHZ
Championnats d'Afrique cadets juniors-Team,Alger,01.03.15,J,S,M,T,CHZ
Championnats d’Europe juniors,Maribor,01.03.15,J,S,F,I,CHZ
Championnats d'Afrique cadets juniors,Alger,01.03.15,J,F,M,I,CHZ
Championnats d’Europe juniors-Team,Maribor,01.03.15,J,E,M,T,CHZ
Championnats d’Europe juniors,Maribor,01.03.15,J,F,M,I,CHZ
Championnats d'Afrique cadets juniors-Team,Alger,01.03.15,J,E,F,T,CHZ
Championnats d’Europe juniors-Team,Maribor,01.03.15,J,F,F,T,CHZ
Championnats d'Afrique cadets et juniors,Alger,01.03.15,J,E,F,I,CHZ
Championnats d'Afrique cadets juniors-Team,Alger,01.03.15,J,F,F,T,CHZ
Championnats d'Afrique cadets juniors-Team,Alger,01.03.15,J,S,F,T,CHZ
Championnats d'Afrique cadets  juniors,Alger,01.03.15,J,S,F,I,CHZ
Championnats d’Europe juniors-Team,Maribor,01.03.15,J,E,F,T,CHZ
Championnats d’Europe juniors,Maribor,01.03.15,J,F,F,I,CHZ
Coupe du Monde par équipes,Varsovie,22.02.15,S,S,M,T,A
Coupe du Monde par équipes,Gand,22.02.15,S,S,F,T,A
Sabre de Wolodyjowski,Varsovie,20.02.15,S,S,M,I,A
Challenge Yves Brasseur,Gand,20.02.15,S,S,F,I,A
Coupe du Monde par équipes,Buenos Aires,15.02.15,S,E,F,T,A
Coupe du Monde par équipes,Vancouver,15.02.15,S,E,M,T,A
Coupe du Monde,Buenos Aires,13.02.15,S,E,F,I,A
Coupe du Monde,Vancouver,13.02.15,S,E,M,I,A
Coupe du Monde par équipes,Alger,08.02.15,S,F,F,T,A
Coupe du Monde par équipes Löwe von Bonn,Bonn,08.02.15,S,F,M,T,A
Coupe du Monde par équipes,Burgos,08.02.15,J,E,F,T,A
Ciudad de Burgos,Burgos,07.02.15,J,E,F,I,A
Coupe du Monde,Riga,07.02.15,J,E,M,I,A
Coupe du Monde,Alger,06.02.15,S,F,F,I,A
Löwe von Bonn,Bonn,06.02.15,S,F,M,I,A
Championnats Panaméricains Cadets,Toronto,02.02.15,C,S,M,I,NF
Championnats Panaméricains Juniors,Toronto,02.02.15,J,E,F,I,CHZ
Championnats Panaméricains Cadets,Toronto,02.02.15,C,S,F,I,NF
Championnats Panaméricains Juniors,Toronto,02.02.15,J,E,M,I,CHZ
Championnats Panaméricains Cadets,Toronto,02.02.15,C,F,M,I,NF
Championnats Panaméricains,Toronto,02.02.15,J,F,M,T,CHZ
Championnats Panaméricains Juniors,Toronto,02.02.15,J,F,F,I,CHZ
Championnats Panaméricains Cadets,Toronto,02.02.15,C,F,F,I,NF
Championnats Panaméricains,Toronto,02.02.15,J,F,F,T,CHZ
Championnats Panaméricains Juniors,Toronto,02.02.15,J,F,M,I,CHZ
Championnats Panaméricains Cadets,Toronto,02.02.15,C,E,M,I,NF
Championnats Panaméricains,Toronto,02.02.15,J,S,M,T,CHZ
Championnats Panaméricains Cadets,Toronto,02.02.15,C,E,F,I,NF
Championnats Panaméricains Juniors,Toronto,02.02.15,J,S,F,I,CHZ
Championnats Panaméricains,Toronto,02.02.15,J,S,F,T,CHZ
Championnats Panaméricains Juniors,Toronto,02.02.15,J,S,M,I,CHZ
Championnats Panaméricains,Toronto,02.02.15,J,E,M,T,CHZ
